Workbook

Sheet Прайс
A1: ="ПРАЙС BUKOVEL · "&$B$3&" · "&$U$11&" · Тариф: "&$B$4&" · Пакет: "&$B$5 -> ПРАЙС BUKOVEL · Осінь 2026 (00-10%) · 01.10.2026 – 30.11.2026 · Тариф: Rack Rate · Пакет: ROSPA | U1: ТЕХНІЧНІ ДАНІ — НЕ РЕДАГУВАТИ
A3: Активний прайс-лист | B3: Осінь 2026 (00-10%) | D3: ="Період дії: "&$U$11 -> Період дії: 01.10.2026 – 30.11.2026 | U3: =IFERROR(MATCH($B$3,ПЛ_РЯДОК,0),0) -> 5 | V3: колонка прайс-листа
A4: Тариф (знижка) | B4: Rack Rate | D4: ="Знижка на проживання: "&TEXT($U$5,"0%")&IF($B$5="BBSPA"," — фіксована для пакета BBSPA; обраний тариф не застосовується","") -> Знижка на проживання: 0% | U4: =IFERROR(SUMIFS(ТАРИФИ_ЗНИЖКИ,ТАРИФИ_НАЗВИ,$B$4),0) -> 0 | V4: знижка тарифу
A5: Пакет | B5: ROSPA | D5: =IF($B$5="RO","Лише проживання.",IF($B$5="BB","Проживання + сніданок за кожного гостя.",IF($B$5="BBSPA","Проживання + сніданок і SPA за кожного гостя.",IF($B$5="ROSPA","Проживання + 1 SPA-візит на обʼєкт.",IF($B$5="ROSPABB","Проживання + сніданки за кількістю гостей + 1 SPA-візит на обʼєкт.",""))))) -> Проживання + 1 SPA-візит на обʼєкт. | U5: =IF($B$5="BBSPA",ЗНИЖКА_BBSPA,$U$4) -> 0 | V5: знижка на проживання
A6: =IF($U$3=0,"⚠ Прайс-лист не обрано або не знайдено — оберіть значення у клітинці B3.",IF($U$13=0,"⚠ У цьому прайс-листі ще не заповнені базові RO-ціни — сітка буде порожньою. Заповніть його блок на листі «Керування прайсом».","Усі ціни — за ніч, за дорослих гостей, у гривні. Дитячі тарифи рахує лист «Калькулятор». З 3-го гостя додається фіксований крок; вихідні рахуються через множник вихідних.")) -> Усі ціни — за ніч, за дорослих гостей, у гривні. Дитячі тарифи рахує лист «Калькулятор». З 3-го гостя додається фіксований крок; вихідні рахуються через множник вихідних. | U6: =IF($U$3=0,0,IFERROR(INDEX(ПЕРЕМИКАЧІ,IF($B$5="BBSPA",2,1),$U$3),0)) -> 0 | V6: перемикач: пакет
D7: БУДНІ — кількість гостей | L7: ВИХІДНІ — кількість гостей | U7: =IF($U$3=0,0,IFERROR(INDEX(ПЕРЕМИКАЧІ,3,$U$3),0)) -> 0 | V7: перемикач: SPA
A8: Категорія | B8: Назва на Booking | C8: Група | D8: 1 | E8: 2 | F8: 3 | G8: 4 | H8: 5 | I8: 6 | J8: 7 | K8: 8 | L8: 1 | M8: 2 | N8: 3 | O8: 4 | P8: 5 | Q8: 6 | R8: 7 | S8: 8 | U8: =IF(OR($B$5="BB",$B$5="BBSPA",$B$5="ROSPABB"),1,0) -> 0 | V8: потрібен пакет
A9: =IF('Довідник категорій'!A5="","",'Довідник категорій'!A5) -> Міні-котедж | B9: =IF($A9="","",IFERROR(INDEX(ДОВ_BOOKING,MATCH($A9,КАТЕГОРІЇ,0)),"")) -> Віла з 1 спальнею 45 м² | C9: =IF($A9="","",IFERROR(INDEX(ДОВ_ГРУПА,MATCH($A9,КАТЕГОРІЇ,0)),"")) -> Котеджі 1 спальня | D9: =IF(OR($AE9=0,D$8>$Z9),"",ROUND(((W9*X9+MAX(0,D$8-$AA9)*КРОК_ГОСТЯ)*(1-$U$5)+D$8*$AB9*(1-$U$5*$U$6)+$AD9*(1-$U$5*$U$7))/ОКРУГЛЕННЯ,0)*ОКРУГЛЕННЯ) -> 5398 | E9: =IF(OR($AE9=0,E$8>$Z9),"",ROUND(((W9*X9+MAX(0,E$8-$AA9)*КРОК_ГОСТЯ)*(1-$U$5)+E$8*$AB9*(1-$U$5*$U$6)+$AD9*(1-$U$5*$U$7))/ОКРУГЛЕННЯ,0)*ОКРУГЛЕННЯ) -> 5398 | F9: =IF(OR($AE9=0,F$8>$Z9),"",ROUND(((W9*X9+MAX(0,F$8-$AA9)*КРОК_ГОСТЯ)*(1-$U$5)+F$8*$AB9*(1-$U$5*$U$6)+$AD9*(1-$U$5*$U$7))/ОКРУГЛЕННЯ,0)*ОКРУГЛЕННЯ) -> 5898 | G9: =IF(OR($AE9=0,G$8>$Z9),"",ROUND(((W9*X9+MAX(0,G$8-$AA9)*КРОК_ГОСТЯ)*(1-$U$5)+G$8*$AB9*(1-$U$5*$U$6)+$AD9*(1-$U$5*$U$7))/ОКРУГЛЕННЯ,0)*ОКРУГЛЕННЯ) | H9: =IF(OR($AE9=0,H$8>$Z9),"",ROUND(((W9*X9+MAX(0,H$8-$AA9)*КРОК_ГОСТЯ)*(1-$U$5)+H$8*$AB9*(1-$U$5*$U$6)+$AD9*(1-$U$5*$U$7))/ОКРУГЛЕННЯ,0)*ОКРУГЛЕННЯ) | I9: =IF(OR($AE9=0,I$8>$Z9),"",ROUND(((W9*X9+MAX(0,I$8-$AA9)*КРОК_ГОСТЯ)*(1-$U$5)+I$8*$AB9*(1-$U$5*$U$6)+$AD9*(1-$U$5*$U$7))/ОКРУГЛЕННЯ,0)*ОКРУГЛЕННЯ) | J9: =IF(OR($AE9=0,J$8>$Z9),"",ROUND(((W9*X9+MAX(0,J$8-$AA9)*КРОК_ГОСТЯ)*(1-$U$5)+J$8*$AB9*(1-$U$5*$U$6)+$AD9*(1-$U$5*$U$7))/ОКРУГЛЕННЯ,0)*ОКРУГЛЕННЯ) | K9: =IF(OR($AE9=0,K$8>$Z9),"",ROUND(((W9*X9+MAX(0,K$8-$AA9)*КРОК_ГОСТЯ)*(1-$U$5)+K$8*$AB9*(1-$U$5*$U$6)+$AD9*(1-$U$5*$U$7))/ОКРУГЛЕННЯ,0)*ОКРУГЛЕННЯ) | L9: =IF(OR($AF9=0,L$8>$Z9),"",ROUND(((W9*X9*Y9+MAX(0,L$8-$AA9)*КРОК_ГОСТЯ)*(1-$U$5)+L$8*$AC9*(1-$U$5*$U$6)+$AD9*(1-$U$5*$U$7))/ОКРУГЛЕННЯ,0)*ОКРУГЛЕННЯ) -> 5898 | M9: =IF(OR($AF9=0,M$8>$Z9),"",ROUND(((W9*X9*Y9+MAX(0,M$8-$AA9)*КРОК_ГОСТЯ)*(1-$U$5)+M$8*$AC9*(1-$U$5*$U$6)+$AD9*(1-$U$5*$U$7))/ОКРУГЛЕННЯ,0)*ОКРУГЛЕННЯ) -> 5898 | N9: =IF(OR($AF9=0,N$8>$Z9),"",ROUND(((W9*X9*Y9+MAX(0,N$8-$AA9)*КРОК_ГОСТЯ)*(1-$U$5)+N$8*$AC9*(1-$U$5*$U$6)+$AD9*(1-$U$5*$U$7))/ОКРУГЛЕННЯ,0)*ОКРУГЛЕННЯ) -> 6398 | O9: =IF(OR($AF9=0,O$8>$Z9),"",ROUND(((W9*X9*Y9+MAX(0,O$8-$AA9)*КРОК_ГОСТЯ)*(1-$U$5)+O$8*$AC9*(1-$U$5*$U$6)+$AD9*(1-$U$5*$U$7))/ОКРУГЛЕННЯ,0)*ОКРУГЛЕННЯ) | P9: =IF(OR($AF9=0,P$8>$Z9),"",ROUND(((W9*X9*Y9+MAX(0,P$8-$AA9)*КРОК_ГОСТЯ)*(1-$U$5)+P$8*$AC9*(1-$U$5*$U$6)+$AD9*(1-$U$5*$U$7))/ОКРУГЛЕННЯ,0)*ОКРУГЛЕННЯ) | Q9: =IF(OR($AF9=0,Q$8>$Z9),"",ROUND(((W9*X9*Y9+MAX(0,Q$8-$AA9)*КРОК_ГОСТЯ)*(1-$U$5)+Q$8*$AC9*(1-$U$5*$U$6)+$AD9*(1-$U$5*$U$7))/ОКРУГЛЕННЯ,0)*ОКРУГЛЕННЯ) | R9: =IF(OR($AF9=0,R$8>$Z9),"",ROUND(((W9*X9*Y9+MAX(0,R$8-$AA9)*КРОК_ГОСТЯ)*(1-$U$5)+R$8*$AC9*(1-$U$5*$U$6)+$AD9*(1-$U$5*$U$7))/ОКРУГЛЕННЯ,0)*ОКРУГЛЕННЯ) | S9: =IF(OR($AF9=0,S$8>$Z9),"",ROUND(((W9*X9*Y9+MAX(0,S$8-$AA9)*КРОК_ГОСТЯ)*(1-$U$5)+S$8*$AC9*(1-$U$5*$U$6)+$AD9*(1-$U$5*$U$7))/ОКРУГЛЕННЯ,0)*ОКРУГЛЕННЯ) | U9: =IF(OR($B$5="ROSPA",$B$5="ROSPABB"),1,0) -> 1 | V9: потрібен SPA | W9: =IF(OR($U$3=0,$A9=""),0,IFERROR(INDEX(БАЗА_RO,MATCH(INDEX(ДОВ_ОПОРА,MATCH($A9,КАТЕГОРІЇ,0)),БАЗА_КАТ,0),$U$3),0)) -> 4998 | X9: =IF(OR($U$3=0,$A9=""),0,IFERROR(INDEX(МНОЖНИКИ,MATCH($A9,МНОЖ_КАТ,0),$U$3),0)) -> 1 | Y9: =IF(OR($U$3=0,$A9=""),0,IFERROR(INDEX(МНОЖНИКИ,MATCH($A9,МНОЖ_КАТ,0),$U$3+1),0)) -> 1.1 | Z9: =IF($A9="",0,IFERROR(INDEX(ДОВ_МАКС,MATCH($A9,КАТЕГОРІЇ,0)),0)) -> 3 | AA9: =IF($A9="",0,IFERROR(INDEX(ДОВ_ВКЛ,MATCH($A9,КАТЕГОРІЇ,0)),0)) -> 2 | AB9: =IF(OR($U$3=0,$U$8=0),0,IFERROR(INDEX(ПАКЕТИ_ЦІНИ,MATCH($U$10&"|Будні",ПАКЕТИ_КЛЮЧ,0),$U$3),0)) -> 0 | AC9: =IF(OR($U$3=0,$U$8=0),0,IFERROR(INDEX(ПАКЕТИ_ЦІНИ,MATCH($U$10&"|Вихідні",ПАКЕТИ_КЛЮЧ,0),$U$3),0)) -> 0 | AD9: =IF(OR($U$3=0,$U$9=0,$A9=""),0,IFERROR(INDEX(SPA_ЦІНИ,MATCH(INDEX(ДОВ_SPA,MATCH($A9,КАТЕГОРІЇ,0)),SPA_РОЛЬ,0),$U$3),0)) -> 400 | AE9: =IF(OR($A9="",W9=0,X9=0,AND($U$8=1,AB9=0),AND($U$9=1,AD9=0)),0,1) -> 1 | AF9: =IF(OR(AE9=0,Y9=0,AND($U$8=1,AC9=0)),0,1) -> 1
A10: =IF('Довідник категорій'!A6="","",'Довідник категорій'!A6) -> Міні-котедж East Hill | B10: =IF($A10="","",IFERROR(INDEX(ДОВ_BOOKING,MATCH($A10,КАТЕГОРІЇ,0)),"")) -> Віла з 1 спальнею 45 м² | C10: =IF($A10="","",IFERROR(INDEX(ДОВ_ГРУПА,MATCH($A10,КАТЕГОРІЇ,0)),"")) -> Котеджі 1 спальня | D10: =IF(OR($AE10=0,D$8>$Z10),"",ROUND(((W10*X10+MAX(0,D$8-$AA10)*КРОК_ГОСТЯ)*(1-$U$5)+D$8*$AB10*(1-$U$5*$U$6)+$AD10*(1-$U$5*$U$7))/ОКРУГЛЕННЯ,0)*ОКРУГЛЕННЯ) -> 5648 | E10: =IF(OR($AE10=0,E$8>$Z10),"",ROUND(((W10*X10+MAX(0,E$8-$AA10)*КРОК_ГОСТЯ)*(1-$U$5)+E$8*$AB10*(1-$U$5*$U$6)+$AD10*(1-$U$5*$U$7))/ОКРУГЛЕННЯ,0)*ОКРУГЛЕННЯ) -> 5648 | F10: =IF(OR($AE10=0,F$8>$Z10),"",ROUND(((W10*X10+MAX(0,F$8-$AA10)*КРОК_ГОСТЯ)*(1-$U$5)+F$8*$AB10*(1-$U$5*$U$6)+$AD10*(1-$U$5*$U$7))/ОКРУГЛЕННЯ,0)*ОКРУГЛЕННЯ) -> 6148 | G10: =IF(OR($AE10=0,G$8>$Z10),"",ROUND(((W10*X10+MAX(0,G$8-$AA10)*КРОК_ГОСТЯ)*(1-$U$5)+G$8*$AB10*(1-$U$5*$U$6)+$AD10*(1-$U$5*$U$7))/ОКРУГЛЕННЯ,0)*ОКРУГЛЕННЯ) | H10: =IF(OR($AE10=0,H$8>$Z10),"",ROUND(((W10*X10+MAX(0,H$8-$AA10)*КРОК_ГОСТЯ)*(1-$U$5)+H$8*$AB10*(1-$U$5*$U$6)+$AD10*(1-$U$5*$U$7))/ОКРУГЛЕННЯ,0)*ОКРУГЛЕННЯ) | I10: =IF(OR($AE10=0,I$8>$Z10),"",ROUND(((W10*X10+MAX(0,I$8-$AA10)*КРОК_ГОСТЯ)*(1-$U$5)+I$8*$AB10*(1-$U$5*$U$6)+$AD10*(1-$U$5*$U$7))/ОКРУГЛЕННЯ,0)*ОКРУГЛЕННЯ) | J10: =IF(OR($AE10=0,J$8>$Z10),"",ROUND(((W10*X10+MAX(0,J$8-$AA10)*КРОК_ГОСТЯ)*(1-$U$5)+J$8*$AB10*(1-$U$5*$U$6)+$AD10*(1-$U$5*$U$7))/ОКРУГЛЕННЯ,0)*ОКРУГЛЕННЯ) | K10: =IF(OR($AE10=0,K$8>$Z10),"",ROUND(((W10*X10+MAX(0,K$8-$AA10)*КРОК_ГОСТЯ)*(1-$U$5)+K$8*$AB10*(1-$U$5*$U$6)+$AD10*(1-$U$5*$U$7))/ОКРУГЛЕННЯ,0)*ОКРУГЛЕННЯ) | L10: =IF(OR($AF10=0,L$8>$Z10),"",ROUND(((W10*X10*Y10+MAX(0,L$8-$AA10)*КРОК_ГОСТЯ)*(1-$U$5)+L$8*$AC10*(1-$U$5*$U$6)+$AD10*(1-$U$5*$U$7))/ОКРУГЛЕННЯ,0)*ОКРУГЛЕННЯ) -> 6120 | M10: =IF(OR($AF10=0,M$8>$Z10),"",ROUND(((W10*X10*Y10+MAX(0,M$8-$AA10)*КРОК_ГОСТЯ)*(1-$U$5)+M$8*$AC10*(1-$U$5*$U$6)+$AD10*(1-$U$5*$U$7))/ОКРУГЛЕННЯ,0)*ОКРУГЛЕННЯ) -> 6120 | N10: =IF(OR($AF10=0,N$8>$Z10),"",ROUND(((W10*X10*Y10+MAX(0,N$8-$AA10)*КРОК_ГОСТЯ)*(1-$U$5)+N$8*$AC10*(1-$U$5*$U$6)+$AD10*(1-$U$5*$U$7))/ОКРУГЛЕННЯ,0)*ОКРУГЛЕННЯ) -> 6620 | O10: =IF(OR($AF10=0,O$8>$Z10),"",ROUND(((W10*X10*Y10+MAX(0,O$8-$AA10)*КРОК_ГОСТЯ)*(1-$U$5)+O$8*$AC10*(1-$U$5*$U$6)+$AD10*(1-$U$5*$U$7))/ОКРУГЛЕННЯ,0)*ОКРУГЛЕННЯ) | P10: =IF(OR($AF10=0,P$8>$Z10),"",ROUND(((W10*X10*Y10+MAX(0,P$8-$AA10)*КРОК_ГОСТЯ)*(1-$U$5)+P$8*$AC10*(1-$U$5*$U$6)+$AD10*(1-$U$5*$U$7))/ОКРУГЛЕННЯ,0)*ОКРУГЛЕННЯ) | Q10: =IF(OR($AF10=0,Q$8>$Z10),"",ROUND(((W10*X10*Y10+MAX(0,Q$8-$AA10)*КРОК_ГОСТЯ)*(1-$U$5)+Q$8*$AC10*(1-$U$5*$U$6)+$AD10*(1-$U$5*$U$7))/ОКРУГЛЕННЯ,0)*ОКРУГЛЕННЯ) | R10: =IF(OR($AF10=0,R$8>$Z10),"",ROUND(((W10*X10*Y10+MAX(0,R$8-$AA10)*КРОК_ГОСТЯ)*(1-$U$5)+R$8*$AC10*(1-$U$5*$U$6)+$AD10*(1-$U$5*$U$7))/ОКРУГЛЕННЯ,0)*ОКРУГЛЕННЯ) | S10: =IF(OR($AF10=0,S$8>$Z10),"",ROUND(((W10*X10*Y10+MAX(0,S$8-$AA10)*КРОК_ГОСТЯ)*(1-$U$5)+S$8*$AC10*(1-$U$5*$U$6)+$AD10*(1-$U$5*$U$7))/ОКРУГЛЕННЯ,0)*ОКРУГЛЕННЯ) | U10: =IF($U$8=0,"",IF($B$5="ROSPABB","BB",$B$5)) | V10: ключ пакета | W10: =IF(OR($U$3=0,$A10=""),0,IFERROR(INDEX(БАЗА_RO,MATCH(INDEX(ДОВ_ОПОРА,MATCH($A10,КАТЕГОРІЇ,0)),БАЗА_КАТ,0),$U$3),0)) -> 4998 | X10: =IF(OR($U$3=0,$A10=""),0,IFERROR(INDEX(МНОЖНИКИ,MATCH($A10,МНОЖ_КАТ,0),$U$3),0)) -> 1.05 | Y10: =IF(OR($U$3=0,$A10=""),0,IFERROR(INDEX(МНОЖНИКИ,MATCH($A10,МНОЖ_КАТ,0),$U$3+1),0)) -> 1.09 | Z10: =IF($A10="",0,IFERROR(INDEX(ДОВ_МАКС,MATCH($A10,КАТЕГОРІЇ,0)),0)) -> 3 | AA10: =IF($A10="",0,IFERROR(INDEX(ДОВ_ВКЛ,MATCH($A10,КАТЕГОРІЇ,0)),0)) -> 2 | AB10: =IF(OR($U$3=0,$U$8=0),0,IFERROR(INDEX(ПАКЕТИ_ЦІНИ,MATCH($U$10&"|Будні",ПАКЕТИ_КЛЮЧ,0),$U$3),0)) -> 0 | AC10: =IF(OR($U$3=0,$U$8=0),0,IFERROR(INDEX(ПАКЕТИ_ЦІНИ,MATCH($U$10&"|Вихідні",ПАКЕТИ_КЛЮЧ,0),$U$3),0)) -> 0 | AD10: =IF(OR($U$3=0,$U$9=0,$A10=""),0,IFERROR(INDEX(SPA_ЦІНИ,MATCH(INDEX(ДОВ_SPA,MATCH($A10,КАТЕГОРІЇ,0)),SPA_РОЛЬ,0),$U$3),0)) -> 400 | AE10: =IF(OR($A10="",W10=0,X10=0,AND($U$8=1,AB10=0),AND($U$9=1,AD10=0)),0,1) -> 1 | AF10: =IF(OR(AE10=0,Y10=0,AND($U$8=1,AC10=0)),0,1) -> 1
A11: =IF('Довідник категорій'!A7="","",'Довідник категорій'!A7) -> Котедж комфорт класу | B11: =IF($A11="","",IFERROR(INDEX(ДОВ_BOOKING,MATCH($A11,КАТЕГОРІЇ,0)),"")) -> Стандартна віла 96 м² | C11: =IF($A11="","",IFERROR(INDEX(ДОВ_ГРУПА,MATCH($A11,КАТЕГОРІЇ,0)),"")) -> Котеджі 3 спальні | D11: =IF(OR($AE11=0,D$8>$Z11),"",ROUND(((W11*X11+MAX(0,D$8-$AA11)*КРОК_ГОСТЯ)*(1-$U$5)+D$8*$AB11*(1-$U$5*$U$6)+$AD11*(1-$U$5*$U$7))/ОКРУГЛЕННЯ,0)*ОКРУГЛЕННЯ) -> 7380 | E11: =IF(OR($AE11=0,E$8>$Z11),"",ROUND(((W11*X11+MAX(0,E$8-$AA11)*КРОК_ГОСТЯ)*(1-$U$5)+E$8*$AB11*(1-$U$5*$U$6)+$AD11*(1-$U$5*$U$7))/ОКРУГЛЕННЯ,0)*ОКРУГЛЕННЯ) -> 7380 | F11: =IF(OR($AE11=0,F$8>$Z11),"",ROUND(((W11*X11+MAX(0,F$8-$AA11)*КРОК_ГОСТЯ)*(1-$U$5)+F$8*$AB11*(1-$U$5*$U$6)+$AD11*(1-$U$5*$U$7))/ОКРУГЛЕННЯ,0)*ОКРУГЛЕННЯ) -> 7880 | G11: =IF(OR($AE11=0,G$8>$Z11),"",ROUND(((W11*X11+MAX(0,G$8-$AA11)*КРОК_ГОСТЯ)*(1-$U$5)+G$8*$AB11*(1-$U$5*$U$6)+$AD11*(1-$U$5*$U$7))/ОКРУГЛЕННЯ,0)*ОКРУГЛЕННЯ) -> 8380 | H11: =IF(OR($AE11=0,H$8>$Z11),"",ROUND(((W11*X11+MAX(0,H$8-$AA11)*КРОК_ГОСТЯ)*(1-$U$5)+H$8*$AB11*(1-$U$5*$U$6)+$AD11*(1-$U$5*$U$7))/ОКРУГЛЕННЯ,0)*ОКРУГЛЕННЯ) -> 8880 | I11: =IF(OR($AE11=0,I$8>$Z11),"",ROUND(((W11*X11+MAX(0,I$8-$AA11)*КРОК_ГОСТЯ)*(1-$U$5)+I$8*$AB11*(1-$U$5*$U$6)+$AD11*(1-$U$5*$U$7))/ОКРУГЛЕННЯ,0)*ОКРУГЛЕННЯ) -> 9380 | J11: =IF(OR($AE11=0,J$8>$Z11),"",ROUND(((W11*X11+MAX(0,J$8-$AA11)*КРОК_ГОСТЯ)*(1-$U$5)+J$8*$AB11*(1-$U$5*$U$6)+$AD11*(1-$U$5*$U$7))/ОКРУГЛЕННЯ,0)*ОКРУГЛЕННЯ) | K11: =IF(OR($AE11=0,K$8>$Z11),"",ROUND(((W11*X11+MAX(0,K$8-$AA11)*КРОК_ГОСТЯ)*(1-$U$5)+K$8*$AB11*(1-$U$5*$U$6)+$AD11*(1-$U$5*$U$7))/ОКРУГЛЕННЯ,0)*ОКРУГЛЕННЯ) | L11: =IF(OR($AF11=0,L$8>$Z11),"",ROUND(((W11*X11*Y11+MAX(0,L$8-$AA11)*КРОК_ГОСТЯ)*(1-$U$5)+L$8*$AC11*(1-$U$5*$U$6)+$AD11*(1-$U$5*$U$7))/ОКРУГЛЕННЯ,0)*ОКРУГЛЕННЯ) -> 8038 | M11: =IF(OR($AF11=0,M$8>$Z11),"",ROUND(((W11*X11*Y11+MAX(0,M$8-$AA11)*КРОК_ГОСТЯ)*(1-$U$5)+M$8*$AC11*(1-$U$5*$U$6)+$AD11*(1-$U$5*$U$7))/ОКРУГЛЕННЯ,0)*ОКРУГЛЕННЯ) -> 8038 | N11: =IF(OR($AF11=0,N$8>$Z11),"",ROUND(((W11*X11*Y11+MAX(0,N$8-$AA11)*КРОК_ГОСТЯ)*(1-$U$5)+N$8*$AC11*(1-$U$5*$U$6)+$AD11*(1-$U$5*$U$7))/ОКРУГЛЕННЯ,0)*ОКРУГЛЕННЯ) -> 8538 | O11: =IF(OR($AF11=0,O$8>$Z11),"",ROUND(((W11*X11*Y11+MAX(0,O$8-$AA11)*КРОК_ГОСТЯ)*(1-$U$5)+O$8*$AC11*(1-$U$5*$U$6)+$AD11*(1-$U$5*$U$7))/ОКРУГЛЕННЯ,0)*ОКРУГЛЕННЯ) -> 9038 | P11: =IF(OR($AF11=0,P$8>$Z11),"",ROUND(((W11*X11*Y11+MAX(0,P$8-$AA11)*КРОК_ГОСТЯ)*(1-$U$5)+P$8*$AC11*(1-$U$5*$U$6)+$AD11*(1-$U$5*$U$7))/ОКРУГЛЕННЯ,0)*ОКРУГЛЕННЯ) -> 9538 | Q11: =IF(OR($AF11=0,Q$8>$Z11),"",ROUND(((W11*X11*Y11+MAX(0,Q$8-$AA11)*КРОК_ГОСТЯ)*(1-$U$5)+Q$8*$AC11*(1-$U$5*$U$6)+$AD11*(1-$U$5*$U$7))/ОКРУГЛЕННЯ,0)*ОКРУГЛЕННЯ) -> 10038 | R11: =IF(OR($AF11=0,R$8>$Z11),"",ROUND(((W11*X11*Y11+MAX(0,R$8-$AA11)*КРОК_ГОСТЯ)*(1-$U$5)+R$8*$AC11*(1-$U$5*$U$6)+$AD11*(1-$U$5*$U$7))/ОКРУГЛЕННЯ,0)*ОКРУГЛЕННЯ) | S11: =IF(OR($AF11=0,S$8>$Z11),"",ROUND(((W11*X11*Y11+MAX(0,S$8-$AA11)*КРОК_ГОСТЯ)*(1-$U$5)+S$8*$AC11*(1-$U$5*$U$6)+$AD11*(1-$U$5*$U$7))/ОКРУГЛЕННЯ,0)*ОКРУГЛЕННЯ) | U11: =IF($U$12=0,"період не заданий",IFERROR(IF(OR(INDEX(ПЛ_ДАТА_З,$U$12)="",INDEX(ПЛ_ДАТА_ПО,$U$12)=""),"період не заданий",TEXT(DAY(INDEX(ПЛ_ДАТА_З,$U$12)),"00")&"."&TEXT(MONTH(INDEX(ПЛ_ДАТА_З,$U$12)),"00")&"."&YEAR(INDEX(ПЛ_ДАТА_З,$U$12))&" – "&TEXT(DAY(INDEX(ПЛ_ДАТА_ПО,$U$12)),"00")&"."&TEXT(MONTH(INDEX(ПЛ_ДАТА_ПО,$U$12)),"00")&"."&YEAR(INDEX(ПЛ_ДАТА_ПО,$U$12))),"період не заданий")) -> 01.10.2026 – 30.11.2026 | V11: період (текст) | W11: =IF(OR($U$3=0,$A11=""),0,IFERROR(INDEX(БАЗА_RO,MATCH(INDEX(ДОВ_ОПОРА,MATCH($A11,КАТЕГОРІЇ,0)),БАЗА_КАТ,0),$U$3),0)) -> 6580 | X11: =IF(OR($U$3=0,$A11=""),0,IFERROR(INDEX(МНОЖНИКИ,MATCH($A11,МНОЖ_КАТ,0),$U$3),0)) -> 1 | Y11: =IF(OR($U$3=0,$A11=""),0,IFERROR(INDEX(МНОЖНИКИ,MATCH($A11,МНОЖ_КАТ,0),$U$3+1),0)) -> 1.1 | Z11: =IF($A11="",0,IFERROR(INDEX(ДОВ_МАКС,MATCH($A11,КАТЕГОРІЇ,0)),0)) -> 6 | AA11: =IF($A11="",0,IFERROR(INDEX(ДОВ_ВКЛ,MATCH($A11,КАТЕГОРІЇ,0)),0)) -> 2 | AB11: =IF(OR($U$3=0,$U$8=0),0,IFERROR(INDEX(ПАКЕТИ_ЦІНИ,MATCH($U$10&"|Будні",ПАКЕТИ_КЛЮЧ,0),$U$3),0)) -> 0 | AC11: =IF(OR($U$3=0,$U$8=0),0,IFERROR(INDEX(ПАКЕТИ_ЦІНИ,MATCH($U$10&"|Вихідні",ПАКЕТИ_КЛЮЧ,0),$U$3),0)) -> 0 | AD11: =IF(OR($U$3=0,$U$9=0,$A11=""),0,IFERROR(INDEX(SPA_ЦІНИ,MATCH(INDEX(ДОВ_SPA,MATCH($A11,КАТЕГОРІЇ,0)),SPA_РОЛЬ,0),$U$3),0)) -> 800 | AE11: =IF(OR($A11="",W11=0,X11=0,AND($U$8=1,AB11=0),AND($U$9=1,AD11=0)),0,1) -> 1 | AF11: =IF(OR(AE11=0,Y11=0,AND($U$8=1,AC11=0)),0,1) -> 1
A12: =IF('Довідник категорій'!A8="","",'Довідник категорій'!A8) -> Шале преміум | B12: =IF($A12="","",IFERROR(INDEX(ДОВ_BOOKING,MATCH($A12,КАТЕГОРІЇ,0)),"")) -> Віла з 3 спальнями 96 м² | C12: =IF($A12="","",IFERROR(INDEX(ДОВ_ГРУПА,MATCH($A12,КАТЕГОРІЇ,0)),"")) -> Котеджі 3 спальні | D12: =IF(OR($AE12=0,D$8>$Z12),"",ROUND(((W12*X12+MAX(0,D$8-$AA12)*КРОК_ГОСТЯ)*(1-$U$5)+D$8*$AB12*(1-$U$5*$U$6)+$AD12*(1-$U$5*$U$7))/ОКРУГЛЕННЯ,0)*ОКРУГЛЕННЯ) -> 7709 | E12: =IF(OR($AE12=0,E$8>$Z12),"",ROUND(((W12*X12+MAX(0,E$8-$AA12)*КРОК_ГОСТЯ)*(1-$U$5)+E$8*$AB12*(1-$U$5*$U$6)+$AD12*(1-$U$5*$U$7))/ОКРУГЛЕННЯ,0)*ОКРУГЛЕННЯ) -> 7709 | F12: =IF(OR($AE12=0,F$8>$Z12),"",ROUND(((W12*X12+MAX(0,F$8-$AA12)*КРОК_ГОСТЯ)*(1-$U$5)+F$8*$AB12*(1-$U$5*$U$6)+$AD12*(1-$U$5*$U$7))/ОКРУГЛЕННЯ,0)*ОКРУГЛЕННЯ) -> 8209 | G12: =IF(OR($AE12=0,G$8>$Z12),"",ROUND(((W12*X12+MAX(0,G$8-$AA12)*КРОК_ГОСТЯ)*(1-$U$5)+G$8*$AB12*(1-$U$5*$U$6)+$AD12*(1-$U$5*$U$7))/ОКРУГЛЕННЯ,0)*ОКРУГЛЕННЯ) -> 8709 | H12: =IF(OR($AE12=0,H$8>$Z12),"",ROUND(((W12*X12+MAX(0,H$8-$AA12)*КРОК_ГОСТЯ)*(1-$U$5)+H$8*$AB12*(1-$U$5*$U$6)+$AD12*(1-$U$5*$U$7))/ОКРУГЛЕННЯ,0)*ОКРУГЛЕННЯ) -> 9209 | I12: =IF(OR($AE12=0,I$8>$Z12),"",ROUND(((W12*X12+MAX(0,I$8-$AA12)*КРОК_ГОСТЯ)*(1-$U$5)+I$8*$AB12*(1-$U$5*$U$6)+$AD12*(1-$U$5*$U$7))/ОКРУГЛЕННЯ,0)*ОКРУГЛЕННЯ) -> 9709 | J12: =IF(OR($AE12=0,J$8>$Z12),"",ROUND(((W12*X12+MAX(0,J$8-$AA12)*КРОК_ГОСТЯ)*(1-$U$5)+J$8*$AB12*(1-$U$5*$U$6)+$AD12*(1-$U$5*$U$7))/ОКРУГЛЕННЯ,0)*ОКРУГЛЕННЯ) | K12: =IF(OR($AE12=0,K$8>$Z12),"",ROUND(((W12*X12+MAX(0,K$8-$AA12)*КРОК_ГОСТЯ)*(1-$U$5)+K$8*$AB12*(1-$U$5*$U$6)+$AD12*(1-$U$5*$U$7))/ОКРУГЛЕННЯ,0)*ОКРУГЛЕННЯ) | L12: =IF(OR($AF12=0,L$8>$Z12),"",ROUND(((W12*X12*Y12+MAX(0,L$8-$AA12)*КРОК_ГОСТЯ)*(1-$U$5)+L$8*$AC12*(1-$U$5*$U$6)+$AD12*(1-$U$5*$U$7))/ОКРУГЛЕННЯ,0)*ОКРУГЛЕННЯ) -> 8262 | M12: =IF(OR($AF12=0,M$8>$Z12),"",ROUND(((W12*X12*Y12+MAX(0,M$8-$AA12)*КРОК_ГОСТЯ)*(1-$U$5)+M$8*$AC12*(1-$U$5*$U$6)+$AD12*(1-$U$5*$U$7))/ОКРУГЛЕННЯ,0)*ОКРУГЛЕННЯ) -> 8262 | N12: =IF(OR($AF12=0,N$8>$Z12),"",ROUND(((W12*X12*Y12+MAX(0,N$8-$AA12)*КРОК_ГОСТЯ)*(1-$U$5)+N$8*$AC12*(1-$U$5*$U$6)+$AD12*(1-$U$5*$U$7))/ОКРУГЛЕННЯ,0)*ОКРУГЛЕННЯ) -> 8762 | O12: =IF(OR($AF12=0,O$8>$Z12),"",ROUND(((W12*X12*Y12+MAX(0,O$8-$AA12)*КРОК_ГОСТЯ)*(1-$U$5)+O$8*$AC12*(1-$U$5*$U$6)+$AD12*(1-$U$5*$U$7))/ОКРУГЛЕННЯ,0)*ОКРУГЛЕННЯ) -> 9262 | P12: =IF(OR($AF12=0,P$8>$Z12),"",ROUND(((W12*X12*Y12+MAX(0,P$8-$AA12)*КРОК_ГОСТЯ)*(1-$U$5)+P$8*$AC12*(1-$U$5*$U$6)+$AD12*(1-$U$5*$U$7))/ОКРУГЛЕННЯ,0)*ОКРУГЛЕННЯ) -> 9762 | Q12: =IF(OR($AF12=0,Q$8>$Z12),"",ROUND(((W12*X12*Y12+MAX(0,Q$8-$AA12)*КРОК_ГОСТЯ)*(1-$U$5)+Q$8*$AC12*(1-$U$5*$U$6)+$AD12*(1-$U$5*$U$7))/ОКРУГЛЕННЯ,0)*ОКРУГЛЕННЯ) -> 10262 | R12: =IF(OR($AF12=0,R$8>$Z12),"",ROUND(((W12*X12*Y12+MAX(0,R$8-$AA12)*КРОК_ГОСТЯ)*(1-$U$5)+R$8*$AC12*(1-$U$5*$U$6)+$AD12*(1-$U$5*$U$7))/ОКРУГЛЕННЯ,0)*ОКРУГЛЕННЯ) | S12: =IF(OR($AF12=0,S$8>$Z12),"",ROUND(((W12*X12*Y12+MAX(0,S$8-$AA12)*КРОК_ГОСТЯ)*(1-$U$5)+S$8*$AC12*(1-$U$5*$U$6)+$AD12*(1-$U$5*$U$7))/ОКРУГЛЕННЯ,0)*ОКРУГЛЕННЯ) | U12: =IFERROR(MATCH($B$3,ПРАЙС_ЛИСТИ,0),0) -> 3 | V12: рядок прайс-листа | W12: =IF(OR($U$3=0,$A12=""),0,IFERROR(INDEX(БАЗА_RO,MATCH(INDEX(ДОВ_ОПОРА,MATCH($A12,КАТЕГОРІЇ,0)),БАЗА_КАТ,0),$U$3),0)) -> 6580 | X12: =IF(OR($U$3=0,$A12=""),0,IFERROR(INDEX(МНОЖНИКИ,MATCH($A12,МНОЖ_КАТ,0),$U$3),0)) -> 1.05 | Y12: =IF(OR($U$3=0,$A12=""),0,IFERROR(INDEX(МНОЖНИКИ,MATCH($A12,МНОЖ_КАТ,0),$U$3+1),0)) -> 1.08 | Z12: =IF($A12="",0,IFERROR(INDEX(ДОВ_МАКС,MATCH($A12,КАТЕГОРІЇ,0)),0)) -> 6 | AA12: =IF($A12="",0,IFERROR(INDEX(ДОВ_ВКЛ,MATCH($A12,КАТЕГОРІЇ,0)),0)) -> 2 | AB12: =IF(OR($U$3=0,$U$8=0),0,IFERROR(INDEX(ПАКЕТИ_ЦІНИ,MATCH($U$10&"|Будні",ПАКЕТИ_КЛЮЧ,0),$U$3),0)) -> 0 | AC12: =IF(OR($U$3=0,$U$8=0),0,IFERROR(INDEX(ПАКЕТИ_ЦІНИ,MATCH($U$10&"|Вихідні",ПАКЕТИ_КЛЮЧ,0),$U$3),0)) -> 0 | AD12: =IF(OR($U$3=0,$U$9=0,$A12=""),0,IFERROR(INDEX(SPA_ЦІНИ,MATCH(INDEX(ДОВ_SPA,MATCH($A12,КАТЕГОРІЇ,0)),SPA_РОЛЬ,0),$U$3),0)) -> 800 | AE12: =IF(OR($A12="",W12=0,X12=0,AND($U$8=1,AB12=0),AND($U$9=1,AD12=0)),0,1) -> 1 | AF12: =IF(OR(AE12=0,Y12=0,AND($U$8=1,AC12=0)),0,1) -> 1
A13: =IF('Довідник категорій'!A9="","",'Довідник категорій'!A9) -> Шале преміум збільшене | B13: =IF($A13="","",IFERROR(INDEX(ДОВ_BOOKING,MATCH($A13,КАТЕГОРІЇ,0)),"")) -> Шале з 3 спальнями 112 м² | C13: =IF($A13="","",IFERROR(INDEX(ДОВ_ГРУПА,MATCH($A13,КАТЕГОРІЇ,0)),"")) -> Котеджі 3 спальні | D13: =IF(OR($AE13=0,D$8>$Z13),"",ROUND(((W13*X13+MAX(0,D$8-$AA13)*КРОК_ГОСТЯ)*(1-$U$5)+D$8*$AB13*(1-$U$5*$U$6)+$AD13*(1-$U$5*$U$7))/ОКРУГЛЕННЯ,0)*ОКРУГЛЕННЯ) -> 8038 | E13: =IF(OR($AE13=0,E$8>$Z13),"",ROUND(((W13*X13+MAX(0,E$8-$AA13)*КРОК_ГОСТЯ)*(1-$U$5)+E$8*$AB13*(1-$U$5*$U$6)+$AD13*(1-$U$5*$U$7))/ОКРУГЛЕННЯ,0)*ОКРУГЛЕННЯ) -> 8038 | F13: =IF(OR($AE13=0,F$8>$Z13),"",ROUND(((W13*X13+MAX(0,F$8-$AA13)*КРОК_ГОСТЯ)*(1-$U$5)+F$8*$AB13*(1-$U$5*$U$6)+$AD13*(1-$U$5*$U$7))/ОКРУГЛЕННЯ,0)*ОКРУГЛЕННЯ) -> 8538 | G13: =IF(OR($AE13=0,G$8>$Z13),"",ROUND(((W13*X13+MAX(0,G$8-$AA13)*КРОК_ГОСТЯ)*(1-$U$5)+G$8*$AB13*(1-$U$5*$U$6)+$AD13*(1-$U$5*$U$7))/ОКРУГЛЕННЯ,0)*ОКРУГЛЕННЯ) -> 9038 | H13: =IF(OR($AE13=0,H$8>$Z13),"",ROUND(((W13*X13+MAX(0,H$8-$AA13)*КРОК_ГОСТЯ)*(1-$U$5)+H$8*$AB13*(1-$U$5*$U$6)+$AD13*(1-$U$5*$U$7))/ОКРУГЛЕННЯ,0)*ОКРУГЛЕННЯ) -> 9538 | I13: =IF(OR($AE13=0,I$8>$Z13),"",ROUND(((W13*X13+MAX(0,I$8-$AA13)*КРОК_ГОСТЯ)*(1-$U$5)+I$8*$AB13*(1-$U$5*$U$6)+$AD13*(1-$U$5*$U$7))/ОКРУГЛЕННЯ,0)*ОКРУГЛЕННЯ) -> 10038 | J13: =IF(OR($AE13=0,J$8>$Z13),"",ROUND(((W13*X13+MAX(0,J$8-$AA13)*КРОК_ГОСТЯ)*(1-$U$5)+J$8*$AB13*(1-$U$5*$U$6)+$AD13*(1-$U$5*$U$7))/ОКРУГЛЕННЯ,0)*ОКРУГЛЕННЯ) | K13: =IF(OR($AE13=0,K$8>$Z13),"",ROUND(((W13*X13+MAX(0,K$8-$AA13)*КРОК_ГОСТЯ)*(1-$U$5)+K$8*$AB13*(1-$U$5*$U$6)+$AD13*(1-$U$5*$U$7))/ОКРУГЛЕННЯ,0)*ОКРУГЛЕННЯ) | L13: =IF(OR($AF13=0,L$8>$Z13),"",ROUND(((W13*X13*Y13+MAX(0,L$8-$AA13)*КРОК_ГОСТЯ)*(1-$U$5)+L$8*$AC13*(1-$U$5*$U$6)+$AD13*(1-$U$5*$U$7))/ОКРУГЛЕННЯ,0)*ОКРУГЛЕННЯ) -> 8545 | M13: =IF(OR($AF13=0,M$8>$Z13),"",ROUND(((W13*X13*Y13+MAX(0,M$8-$AA13)*КРОК_ГОСТЯ)*(1-$U$5)+M$8*$AC13*(1-$U$5*$U$6)+$AD13*(1-$U$5*$U$7))/ОКРУГЛЕННЯ,0)*ОКРУГЛЕННЯ) -> 8545 | N13: =IF(OR($AF13=0,N$8>$Z13),"",ROUND(((W13*X13*Y13+MAX(0,N$8-$AA13)*КРОК_ГОСТЯ)*(1-$U$5)+N$8*$AC13*(1-$U$5*$U$6)+$AD13*(1-$U$5*$U$7))/ОКРУГЛЕННЯ,0)*ОКРУГЛЕННЯ) -> 9045 | O13: =IF(OR($AF13=0,O$8>$Z13),"",ROUND(((W13*X13*Y13+MAX(0,O$8-$AA13)*КРОК_ГОСТЯ)*(1-$U$5)+O$8*$AC13*(1-$U$5*$U$6)+$AD13*(1-$U$5*$U$7))/ОКРУГЛЕННЯ,0)*ОКРУГЛЕННЯ) -> 9545 | P13: =IF(OR($AF13=0,P$8>$Z13),"",ROUND(((W13*X13*Y13+MAX(0,P$8-$AA13)*КРОК_ГОСТЯ)*(1-$U$5)+P$8*$AC13*(1-$U$5*$U$6)+$AD13*(1-$U$5*$U$7))/ОКРУГЛЕННЯ,0)*ОКРУГЛЕННЯ) -> 10045 | Q13: =IF(OR($AF13=0,Q$8>$Z13),"",ROUND(((W13*X13*Y13+MAX(0,Q$8-$AA13)*КРОК_ГОСТЯ)*(1-$U$5)+Q$8*$AC13*(1-$U$5*$U$6)+$AD13*(1-$U$5*$U$7))/ОКРУГЛЕННЯ,0)*ОКРУГЛЕННЯ) -> 10545 | R13: =IF(OR($AF13=0,R$8>$Z13),"",ROUND(((W13*X13*Y13+MAX(0,R$8-$AA13)*КРОК_ГОСТЯ)*(1-$U$5)+R$8*$AC13*(1-$U$5*$U$6)+$AD13*(1-$U$5*$U$7))/ОКРУГЛЕННЯ,0)*ОКРУГЛЕННЯ) | S13: =IF(OR($AF13=0,S$8>$Z13),"",ROUND(((W13*X13*Y13+MAX(0,S$8-$AA13)*КРОК_ГОСТЯ)*(1-$U$5)+S$8*$AC13*(1-$U$5*$U$6)+$AD13*(1-$U$5*$U$7))/ОКРУГЛЕННЯ,0)*ОКРУГЛЕННЯ) | U13: =IF($U$3=0,0,COUNT(INDEX(БАЗА_RO,1,$U$3),INDEX(БАЗА_RO,2,$U$3),INDEX(БАЗА_RO,3,$U$3),INDEX(БАЗА_RO,4,$U$3))) -> 4 | V13: заповнених баз RO | W13: =IF(OR($U$3=0,$A13=""),0,IFERROR(INDEX(БАЗА_RO,MATCH(INDEX(ДОВ_ОПОРА,MATCH($A13,КАТЕГОРІЇ,0)),БАЗА_КАТ,0),$U$3),0)) -> 6580 | X13: =IF(OR($U$3=0,$A13=""),0,IFERROR(INDEX(МНОЖНИКИ,MATCH($A13,МНОЖ_КАТ,0),$U$3),0)) -> 1.1 | Y13: =IF(OR($U$3=0,$A13=""),0,IFERROR(INDEX(МНОЖНИКИ,MATCH($A13,МНОЖ_КАТ,0),$U$3+1),0)) -> 1.07 | Z13: =IF($A13="",0,IFERROR(INDEX(ДОВ_МАКС,MATCH($A13,КАТЕГОРІЇ,0)),0)) -> 6 | AA13: =IF($A13="",0,IFERROR(INDEX(ДОВ_ВКЛ,MATCH($A13,КАТЕГОРІЇ,0)),0)) -> 2 | AB13: =IF(OR($U$3=0,$U$8=0),0,IFERROR(INDEX(ПАКЕТИ_ЦІНИ,MATCH($U$10&"|Будні",ПАКЕТИ_КЛЮЧ,0),$U$3),0)) -> 0 | AC13: =IF(OR($U$3=0,$U$8=0),0,IFERROR(INDEX(ПАКЕТИ_ЦІНИ,MATCH($U$10&"|Вихідні",ПАКЕТИ_КЛЮЧ,0),$U$3),0)) -> 0 | AD13: =IF(OR($U$3=0,$U$9=0,$A13=""),0,IFERROR(INDEX(SPA_ЦІНИ,MATCH(INDEX(ДОВ_SPA,MATCH($A13,КАТЕГОРІЇ,0)),SPA_РОЛЬ,0),$U$3),0)) -> 800 | AE13: =IF(OR($A13="",W13=0,X13=0,AND($U$8=1,AB13=0),AND($U$9=1,AD13=0)),0,1) -> 1 | AF13: =IF(OR(AE13=0,Y13=0,AND($U$8=1,AC13=0)),0,1) -> 1
A14: =IF('Довідник категорій'!A10="","",'Довідник категорій'!A10) -> Шале преміум збільшене East Hill | B14: =IF($A14="","",IFERROR(INDEX(ДОВ_BOOKING,MATCH($A14,КАТЕГОРІЇ,0)),"")) -> Шале з 3 спальнями 112 м² | C14: =IF($A14="","",IFERROR(INDEX(ДОВ_ГРУПА,MATCH($A14,КАТЕГОРІЇ,0)),"")) -> Котеджі 3 спальні | D14: =IF(OR($AE14=0,D$8>$Z14),"",ROUND(((W14*X14+MAX(0,D$8-$AA14)*КРОК_ГОСТЯ)*(1-$U$5)+D$8*$AB14*(1-$U$5*$U$6)+$AD14*(1-$U$5*$U$7))/ОКРУГЛЕННЯ,0)*ОКРУГЛЕННЯ) -> 8367 | E14: =IF(OR($AE14=0,E$8>$Z14),"",ROUND(((W14*X14+MAX(0,E$8-$AA14)*КРОК_ГОСТЯ)*(1-$U$5)+E$8*$AB14*(1-$U$5*$U$6)+$AD14*(1-$U$5*$U$7))/ОКРУГЛЕННЯ,0)*ОКРУГЛЕННЯ) -> 8367 | F14: =IF(OR($AE14=0,F$8>$Z14),"",ROUND(((W14*X14+MAX(0,F$8-$AA14)*КРОК_ГОСТЯ)*(1-$U$5)+F$8*$AB14*(1-$U$5*$U$6)+$AD14*(1-$U$5*$U$7))/ОКРУГЛЕННЯ,0)*ОКРУГЛЕННЯ) -> 8867 | G14: =IF(OR($AE14=0,G$8>$Z14),"",ROUND(((W14*X14+MAX(0,G$8-$AA14)*КРОК_ГОСТЯ)*(1-$U$5)+G$8*$AB14*(1-$U$5*$U$6)+$AD14*(1-$U$5*$U$7))/ОКРУГЛЕННЯ,0)*ОКРУГЛЕННЯ) -> 9367 | H14: =IF(OR($AE14=0,H$8>$Z14),"",ROUND(((W14*X14+MAX(0,H$8-$AA14)*КРОК_ГОСТЯ)*(1-$U$5)+H$8*$AB14*(1-$U$5*$U$6)+$AD14*(1-$U$5*$U$7))/ОКРУГЛЕННЯ,0)*ОКРУГЛЕННЯ) -> 9867 | I14: =IF(OR($AE14=0,I$8>$Z14),"",ROUND(((W14*X14+MAX(0,I$8-$AA14)*КРОК_ГОСТЯ)*(1-$U$5)+I$8*$AB14*(1-$U$5*$U$6)+$AD14*(1-$U$5*$U$7))/ОКРУГЛЕННЯ,0)*ОКРУГЛЕННЯ) -> 10367 | J14: =IF(OR($AE14=0,J$8>$Z14),"",ROUND(((W14*X14+MAX(0,J$8-$AA14)*КРОК_ГОСТЯ)*(1-$U$5)+J$8*$AB14*(1-$U$5*$U$6)+$AD14*(1-$U$5*$U$7))/ОКРУГЛЕННЯ,0)*ОКРУГЛЕННЯ) | K14: =IF(OR($AE14=0,K$8>$Z14),"",ROUND(((W14*X14+MAX(0,K$8-$AA14)*КРОК_ГОСТЯ)*(1-$U$5)+K$8*$AB14*(1-$U$5*$U$6)+$AD14*(1-$U$5*$U$7))/ОКРУГЛЕННЯ,0)*ОКРУГЛЕННЯ) | L14: =IF(OR($AF14=0,L$8>$Z14),"",ROUND(((W14*X14*Y14+MAX(0,L$8-$AA14)*КРОК_ГОСТЯ)*(1-$U$5)+L$8*$AC14*(1-$U$5*$U$6)+$AD14*(1-$U$5*$U$7))/ОКРУГЛЕННЯ,0)*ОКРУГЛЕННЯ) -> 8821 | M14: =IF(OR($AF14=0,M$8>$Z14),"",ROUND(((W14*X14*Y14+MAX(0,M$8-$AA14)*КРОК_ГОСТЯ)*(1-$U$5)+M$8*$AC14*(1-$U$5*$U$6)+$AD14*(1-$U$5*$U$7))/ОКРУГЛЕННЯ,0)*ОКРУГЛЕННЯ) -> 8821 | N14: =IF(OR($AF14=0,N$8>$Z14),"",ROUND(((W14*X14*Y14+MAX(0,N$8-$AA14)*КРОК_ГОСТЯ)*(1-$U$5)+N$8*$AC14*(1-$U$5*$U$6)+$AD14*(1-$U$5*$U$7))/ОКРУГЛЕННЯ,0)*ОКРУГЛЕННЯ) -> 9321 | O14: =IF(OR($AF14=0,O$8>$Z14),"",ROUND(((W14*X14*Y14+MAX(0,O$8-$AA14)*КРОК_ГОСТЯ)*(1-$U$5)+O$8*$AC14*(1-$U$5*$U$6)+$AD14*(1-$U$5*$U$7))/ОКРУГЛЕННЯ,0)*ОКРУГЛЕННЯ) -> 9821 | P14: =IF(OR($AF14=0,P$8>$Z14),"",ROUND(((W14*X14*Y14+MAX(0,P$8-$AA14)*КРОК_ГОСТЯ)*(1-$U$5)+P$8*$AC14*(1-$U$5*$U$6)+$AD14*(1-$U$5*$U$7))/ОКРУГЛЕННЯ,0)*ОКРУГЛЕННЯ) -> 10321 | Q14: =IF(OR($AF14=0,Q$8>$Z14),"",ROUND(((W14*X14*Y14+MAX(0,Q$8-$AA14)*КРОК_ГОСТЯ)*(1-$U$5)+Q$8*$AC14*(1-$U$5*$U$6)+$AD14*(1-$U$5*$U$7))/ОКРУГЛЕННЯ,0)*ОКРУГЛЕННЯ) -> 10821 | R14: =IF(OR($AF14=0,R$8>$Z14),"",ROUND(((W14*X14*Y14+MAX(0,R$8-$AA14)*КРОК_ГОСТЯ)*(1-$U$5)+R$8*$AC14*(1-$U$5*$U$6)+$AD14*(1-$U$5*$U$7))/ОКРУГЛЕННЯ,0)*ОКРУГЛЕННЯ) | S14: =IF(OR($AF14=0,S$8>$Z14),"",ROUND(((W14*X14*Y14+MAX(0,S$8-$AA14)*КРОК_ГОСТЯ)*(1-$U$5)+S$8*$AC14*(1-$U$5*$U$6)+$AD14*(1-$U$5*$U$7))/ОКРУГЛЕННЯ,0)*ОКРУГЛЕННЯ) | W14: =IF(OR($U$3=0,$A14=""),0,IFERROR(INDEX(БАЗА_RO,MATCH(INDEX(ДОВ_ОПОРА,MATCH($A14,КАТЕГОРІЇ,0)),БАЗА_КАТ,0),$U$3),0)) -> 6580 | X14: =IF(OR($U$3=0,$A14=""),0,IFERROR(INDEX(МНОЖНИКИ,MATCH($A14,МНОЖ_КАТ,0),$U$3),0)) -> 1.15 | Y14: =IF(OR($U$3=0,$A14=""),0,IFERROR(INDEX(МНОЖНИКИ,MATCH($A14,МНОЖ_КАТ,0),$U$3+1),0)) -> 1.06 | Z14: =IF($A14="",0,IFERROR(INDEX(ДОВ_МАКС,MATCH($A14,КАТЕГОРІЇ,0)),0)) -> 6 | AA14: =IF($A14="",0,IFERROR(INDEX(ДОВ_ВКЛ,MATCH($A14,КАТЕГОРІЇ,0)),0)) -> 2 | AB14: =IF(OR($U$3=0,$U$8=0),0,IFERROR(INDEX(ПАКЕТИ_ЦІНИ,MATCH($U$10&"|Будні",ПАКЕТИ_КЛЮЧ,0),$U$3),0)) -> 0 | AC14: =IF(OR($U$3=0,$U$8=0),0,IFERROR(INDEX(ПАКЕТИ_ЦІНИ,MATCH($U$10&"|Вихідні",ПАКЕТИ_КЛЮЧ,0),$U$3),0)) -> 0 | AD14: =IF(OR($U$3=0,$U$9=0,$A14=""),0,IFERROR(INDEX(SPA_ЦІНИ,MATCH(INDEX(ДОВ_SPA,MATCH($A14,КАТЕГОРІЇ,0)),SPA_РОЛЬ,0),$U$3),0)) -> 800 | AE14: =IF(OR($A14="",W14=0,X14=0,AND($U$8=1,AB14=0),AND($U$9=1,AD14=0)),0,1) -> 1 | AF14: =IF(OR(AE14=0,Y14=0,AND($U$8=1,AC14=0)),0,1) -> 1
A15: =IF('Довідник категорій'!A11="","",'Довідник категорій'!A11) -> Президентське шале | B15: =IF($A15="","",IFERROR(INDEX(ДОВ_BOOKING,MATCH($A15,КАТЕГОРІЇ,0)),"")) -> Шале Люкс | C15: =IF($A15="","",IFERROR(INDEX(ДОВ_ГРУПА,MATCH($A15,КАТЕГОРІЇ,0)),"")) -> Котеджі 3 спальні | D15: =IF(OR($AE15=0,D$8>$Z15),"",ROUND(((W15*X15+MAX(0,D$8-$AA15)*КРОК_ГОСТЯ)*(1-$U$5)+D$8*$AB15*(1-$U$5*$U$6)+$AD15*(1-$U$5*$U$7))/ОКРУГЛЕННЯ,0)*ОКРУГЛЕННЯ) -> 10670 | E15: =IF(OR($AE15=0,E$8>$Z15),"",ROUND(((W15*X15+MAX(0,E$8-$AA15)*КРОК_ГОСТЯ)*(1-$U$5)+E$8*$AB15*(1-$U$5*$U$6)+$AD15*(1-$U$5*$U$7))/ОКРУГЛЕННЯ,0)*ОКРУГЛЕННЯ) -> 10670 | F15: =IF(OR($AE15=0,F$8>$Z15),"",ROUND(((W15*X15+MAX(0,F$8-$AA15)*КРОК_ГОСТЯ)*(1-$U$5)+F$8*$AB15*(1-$U$5*$U$6)+$AD15*(1-$U$5*$U$7))/ОКРУГЛЕННЯ,0)*ОКРУГЛЕННЯ) -> 11170 | G15: =IF(OR($AE15=0,G$8>$Z15),"",ROUND(((W15*X15+MAX(0,G$8-$AA15)*КРОК_ГОСТЯ)*(1-$U$5)+G$8*$AB15*(1-$U$5*$U$6)+$AD15*(1-$U$5*$U$7))/ОКРУГЛЕННЯ,0)*ОКРУГЛЕННЯ) -> 11670 | H15: =IF(OR($AE15=0,H$8>$Z15),"",ROUND(((W15*X15+MAX(0,H$8-$AA15)*КРОК_ГОСТЯ)*(1-$U$5)+H$8*$AB15*(1-$U$5*$U$6)+$AD15*(1-$U$5*$U$7))/ОКРУГЛЕННЯ,0)*ОКРУГЛЕННЯ) -> 12170 | I15: =IF(OR($AE15=0,I$8>$Z15),"",ROUND(((W15*X15+MAX(0,I$8-$AA15)*КРОК_ГОСТЯ)*(1-$U$5)+I$8*$AB15*(1-$U$5*$U$6)+$AD15*(1-$U$5*$U$7))/ОКРУГЛЕННЯ,0)*ОКРУГЛЕННЯ) -> 12670 | J15: =IF(OR($AE15=0,J$8>$Z15),"",ROUND(((W15*X15+MAX(0,J$8-$AA15)*КРОК_ГОСТЯ)*(1-$U$5)+J$8*$AB15*(1-$U$5*$U$6)+$AD15*(1-$U$5*$U$7))/ОКРУГЛЕННЯ,0)*ОКРУГЛЕННЯ) -> 13170 | K15: =IF(OR($AE15=0,K$8>$Z15),"",ROUND(((W15*X15+MAX(0,K$8-$AA15)*КРОК_ГОСТЯ)*(1-$U$5)+K$8*$AB15*(1-$U$5*$U$6)+$AD15*(1-$U$5*$U$7))/ОКРУГЛЕННЯ,0)*ОКРУГЛЕННЯ) -> 13670 | L15: =IF(OR($AF15=0,L$8>$Z15),"",ROUND(((W15*X15*Y15+MAX(0,L$8-$AA15)*КРОК_ГОСТЯ)*(1-$U$5)+L$8*$AC15*(1-$U$5*$U$6)+$AD15*(1-$U$5*$U$7))/ОКРУГЛЕННЯ,0)*ОКРУГЛЕННЯ) -> 11065 | M15: =IF(OR($AF15=0,M$8>$Z15),"",ROUND(((W15*X15*Y15+MAX(0,M$8-$AA15)*КРОК_ГОСТЯ)*(1-$U$5)+M$8*$AC15*(1-$U$5*$U$6)+$AD15*(1-$U$5*$U$7))/ОКРУГЛЕННЯ,0)*ОКРУГЛЕННЯ) -> 11065 | N15: =IF(OR($AF15=0,N$8>$Z15),"",ROUND(((W15*X15*Y15+MAX(0,N$8-$AA15)*КРОК_ГОСТЯ)*(1-$U$5)+N$8*$AC15*(1-$U$5*$U$6)+$AD15*(1-$U$5*$U$7))/ОКРУГЛЕННЯ,0)*ОКРУГЛЕННЯ) -> 11565 | O15: =IF(OR($AF15=0,O$8>$Z15),"",ROUND(((W15*X15*Y15+MAX(0,O$8-$AA15)*КРОК_ГОСТЯ)*(1-$U$5)+O$8*$AC15*(1-$U$5*$U$6)+$AD15*(1-$U$5*$U$7))/ОКРУГЛЕННЯ,0)*ОКРУГЛЕННЯ) -> 12065 | P15: =IF(OR($AF15=0,P$8>$Z15),"",ROUND(((W15*X15*Y15+MAX(0,P$8-$AA15)*КРОК_ГОСТЯ)*(1-$U$5)+P$8*$AC15*(1-$U$5*$U$6)+$AD15*(1-$U$5*$U$7))/ОКРУГЛЕННЯ,0)*ОКРУГЛЕННЯ) -> 12565 | Q15: =IF(OR($AF15=0,Q$8>$Z15),"",ROUND(((W15*X15*Y15+MAX(0,Q$8-$AA15)*КРОК_ГОСТЯ)*(1-$U$5)+Q$8*$AC15*(1-$U$5*$U$6)+$AD15*(1-$U$5*$U$7))/ОКРУГЛЕННЯ,0)*ОКРУГЛЕННЯ) -> 13065 | R15: =IF(OR($AF15=0,R$8>$Z15),"",ROUND(((W15*X15*Y15+MAX(0,R$8-$AA15)*КРОК_ГОСТЯ)*(1-$U$5)+R$8*$AC15*(1-$U$5*$U$6)+$AD15*(1-$U$5*$U$7))/ОКРУГЛЕННЯ,0)*ОКРУГЛЕННЯ) -> 13565 | S15: =IF(OR($AF15=0,S$8>$Z15),"",ROUND(((W15*X15*Y15+MAX(0,S$8-$AA15)*КРОК_ГОСТЯ)*(1-$U$5)+S$8*$AC15*(1-$U$5*$U$6)+$AD15*(1-$U$5*$U$7))/ОКРУГЛЕННЯ,0)*ОКРУГЛЕННЯ) -> 14065 | W15: =IF(OR($U$3=0,$A15=""),0,IFERROR(INDEX(БАЗА_RO,MATCH(INDEX(ДОВ_ОПОРА,MATCH($A15,КАТЕГОРІЇ,0)),БАЗА_КАТ,0),$U$3),0)) -> 6580 | X15: =IF(OR($U$3=0,$A15=""),0,IFERROR(INDEX(МНОЖНИКИ,MATCH($A15,МНОЖ_КАТ,0),$U$3),0)) -> 1.5 | Y15: =IF(OR($U$3=0,$A15=""),0,IFERROR(INDEX(МНОЖНИКИ,MATCH($A15,МНОЖ_КАТ,0),$U$3+1),0)) -> 1.04 | Z15: =IF($A15="",0,IFERROR(INDEX(ДОВ_МАКС,MATCH($A15,КАТЕГОРІЇ,0)),0)) -> 8 | AA15: =IF($A15="",0,IFERROR(INDEX(ДОВ_ВКЛ,MATCH($A15,КАТЕГОРІЇ,0)),0)) -> 2 | AB15: =IF(OR($U$3=0,$U$8=0),0,IFERROR(INDEX(ПАКЕТИ_ЦІНИ,MATCH($U$10&"|Будні",ПАКЕТИ_КЛЮЧ,0),$U$3),0)) -> 0 | AC15: =IF(OR($U$3=0,$U$8=0),0,IFERROR(INDEX(ПАКЕТИ_ЦІНИ,MATCH($U$10&"|Вихідні",ПАКЕТИ_КЛЮЧ,0),$U$3),0)) -> 0 | AD15: =IF(OR($U$3=0,$U$9=0,$A15=""),0,IFERROR(INDEX(SPA_ЦІНИ,MATCH(INDEX(ДОВ_SPA,MATCH($A15,КАТЕГОРІЇ,0)),SPA_РОЛЬ,0),$U$3),0)) -> 800 | AE15: =IF(OR($A15="",W15=0,X15=0,AND($U$8=1,AB15=0),AND($U$9=1,AD15=0)),0,1) -> 1 | AF15: =IF(OR(AE15=0,Y15=0,AND($U$8=1,AC15=0)),0,1) -> 1
A16: =IF('Довідник категорій'!A12="","",'Довідник категорій'!A12) -> Апартаменти стандартні 20 м² | B16: =IF($A16="","",IFERROR(INDEX(ДОВ_BOOKING,MATCH($A16,КАТЕГОРІЇ,0)),"")) -> Апартаменти стандартні 20 м² | C16: =IF($A16="","",IFERROR(INDEX(ДОВ_ГРУПА,MATCH($A16,КАТЕГОРІЇ,0)),"")) -> Apartments A | D16: =IF(OR($AE16=0,D$8>$Z16),"",ROUND(((W16*X16+MAX(0,D$8-$AA16)*КРОК_ГОСТЯ)*(1-$U$5)+D$8*$AB16*(1-$U$5*$U$6)+$AD16*(1-$U$5*$U$7))/ОКРУГЛЕННЯ,0)*ОКРУГЛЕННЯ) -> 2770 | E16: =IF(OR($AE16=0,E$8>$Z16),"",ROUND(((W16*X16+MAX(0,E$8-$AA16)*КРОК_ГОСТЯ)*(1-$U$5)+E$8*$AB16*(1-$U$5*$U$6)+$AD16*(1-$U$5*$U$7))/ОКРУГЛЕННЯ,0)*ОКРУГЛЕННЯ) -> 2770 | F16: =IF(OR($AE16=0,F$8>$Z16),"",ROUND(((W16*X16+MAX(0,F$8-$AA16)*КРОК_ГОСТЯ)*(1-$U$5)+F$8*$AB16*(1-$U$5*$U$6)+$AD16*(1-$U$5*$U$7))/ОКРУГЛЕННЯ,0)*ОКРУГЛЕННЯ) | G16: =IF(OR($AE16=0,G$8>$Z16),"",ROUND(((W16*X16+MAX(0,G$8-$AA16)*КРОК_ГОСТЯ)*(1-$U$5)+G$8*$AB16*(1-$U$5*$U$6)+$AD16*(1-$U$5*$U$7))/ОКРУГЛЕННЯ,0)*ОКРУГЛЕННЯ) | H16: =IF(OR($AE16=0,H$8>$Z16),"",ROUND(((W16*X16+MAX(0,H$8-$AA16)*КРОК_ГОСТЯ)*(1-$U$5)+H$8*$AB16*(1-$U$5*$U$6)+$AD16*(1-$U$5*$U$7))/ОКРУГЛЕННЯ,0)*ОКРУГЛЕННЯ) | I16: =IF(OR($AE16=0,I$8>$Z16),"",ROUND(((W16*X16+MAX(0,I$8-$AA16)*КРОК_ГОСТЯ)*(1-$U$5)+I$8*$AB16*(1-$U$5*$U$6)+$AD16*(1-$U$5*$U$7))/ОКРУГЛЕННЯ,0)*ОКРУГЛЕННЯ) | J16: =IF(OR($AE16=0,J$8>$Z16),"",ROUND(((W16*X16+MAX(0,J$8-$AA16)*КРОК_ГОСТЯ)*(1-$U$5)+J$8*$AB16*(1-$U$5*$U$6)+$AD16*(1-$U$5*$U$7))/ОКРУГЛЕННЯ,0)*ОКРУГЛЕННЯ) | K16: =IF(OR($AE16=0,K$8>$Z16),"",ROUND(((W16*X16+MAX(0,K$8-$AA16)*КРОК_ГОСТЯ)*(1-$U$5)+K$8*$AB16*(1-$U$5*$U$6)+$AD16*(1-$U$5*$U$7))/ОКРУГЛЕННЯ,0)*ОКРУГЛЕННЯ) | L16: =IF(OR($AF16=0,L$8>$Z16),"",ROUND(((W16*X16*Y16+MAX(0,L$8-$AA16)*КРОК_ГОСТЯ)*(1-$U$5)+L$8*$AC16*(1-$U$5*$U$6)+$AD16*(1-$U$5*$U$7))/ОКРУГЛЕННЯ,0)*ОКРУГЛЕННЯ) -> 3007 | M16: =IF(OR($AF16=0,M$8>$Z16),"",ROUND(((W16*X16*Y16+MAX(0,M$8-$AA16)*КРОК_ГОСТЯ)*(1-$U$5)+M$8*$AC16*(1-$U$5*$U$6)+$AD16*(1-$U$5*$U$7))/ОКРУГЛЕННЯ,0)*ОКРУГЛЕННЯ) -> 3007 | N16: =IF(OR($AF16=0,N$8>$Z16),"",ROUND(((W16*X16*Y16+MAX(0,N$8-$AA16)*КРОК_ГОСТЯ)*(1-$U$5)+N$8*$AC16*(1-$U$5*$U$6)+$AD16*(1-$U$5*$U$7))/ОКРУГЛЕННЯ,0)*ОКРУГЛЕННЯ) | O16: =IF(OR($AF16=0,O$8>$Z16),"",ROUND(((W16*X16*Y16+MAX(0,O$8-$AA16)*КРОК_ГОСТЯ)*(1-$U$5)+O$8*$AC16*(1-$U$5*$U$6)+$AD16*(1-$U$5*$U$7))/ОКРУГЛЕННЯ,0)*ОКРУГЛЕННЯ) | P16: =IF(OR($AF16=0,P$8>$Z16),"",ROUND(((W16*X16*Y16+MAX(0,P$8-$AA16)*КРОК_ГОСТЯ)*(1-$U$5)+P$8*$AC16*(1-$U$5*$U$6)+$AD16*(1-$U$5*$U$7))/ОКРУГЛЕННЯ,0)*ОКРУГЛЕННЯ) | Q16: =IF(OR($AF16=0,Q$8>$Z16),"",ROUND(((W16*X16*Y16+MAX(0,Q$8-$AA16)*КРОК_ГОСТЯ)*(1-$U$5)+Q$8*$AC16*(1-$U$5*$U$6)+$AD16*(1-$U$5*$U$7))/ОКРУГЛЕННЯ,0)*ОКРУГЛЕННЯ) | R16: =IF(OR($AF16=0,R$8>$Z16),"",ROUND(((W16*X16*Y16+MAX(0,R$8-$AA16)*КРОК_ГОСТЯ)*(1-$U$5)+R$8*$AC16*(1-$U$5*$U$6)+$AD16*(1-$U$5*$U$7))/ОКРУГЛЕННЯ,0)*ОКРУГЛЕННЯ) | S16: =IF(OR($AF16=0,S$8>$Z16),"",ROUND(((W16*X16*Y16+MAX(0,S$8-$AA16)*КРОК_ГОСТЯ)*(1-$U$5)+S$8*$AC16*(1-$U$5*$U$6)+$AD16*(1-$U$5*$U$7))/ОКРУГЛЕННЯ,0)*ОКРУГЛЕННЯ) | W16: =IF(OR($U$3=0,$A16=""),0,IFERROR(INDEX(БАЗА_RO,MATCH(INDEX(ДОВ_ОПОРА,MATCH($A16,КАТЕГОРІЇ,0)),БАЗА_КАТ,0),$U$3),0)) -> 2370 | X16: =IF(OR($U$3=0,$A16=""),0,IFERROR(INDEX(МНОЖНИКИ,MATCH($A16,МНОЖ_КАТ,0),$U$3),0)) -> 1 | Y16: =IF(OR($U$3=0,$A16=""),0,IFERROR(INDEX(МНОЖНИКИ,MATCH($A16,МНОЖ_КАТ,0),$U$3+1),0)) -> 1.1 | Z16: =IF($A16="",0,IFERROR(INDEX(ДОВ_МАКС,MATCH($A16,КАТЕГОРІЇ,0)),0)) -> 2 | AA16: =IF($A16="",0,IFERROR(INDEX(ДОВ_ВКЛ,MATCH($A16,КАТЕГОРІЇ,0)),0)) -> 2 | AB16: =IF(OR($U$3=0,$U$8=0),0,IFERROR(INDEX(ПАКЕТИ_ЦІНИ,MATCH($U$10&"|Будні",ПАКЕТИ_КЛЮЧ,0),$U$3),0)) -> 0 | AC16: =IF(OR($U$3=0,$U$8=0),0,IFERROR(INDEX(ПАКЕТИ_ЦІНИ,MATCH($U$10&"|Вихідні",ПАКЕТИ_КЛЮЧ,0),$U$3),0)) -> 0 | AD16: =IF(OR($U$3=0,$U$9=0,$A16=""),0,IFERROR(INDEX(SPA_ЦІНИ,MATCH(INDEX(ДОВ_SPA,MATCH($A16,КАТЕГОРІЇ,0)),SPA_РОЛЬ,0),$U$3),0)) -> 400 | AE16: =IF(OR($A16="",W16=0,X16=0,AND($U$8=1,AB16=0),AND($U$9=1,AD16=0)),0,1) -> 1 | AF16: =IF(OR(AE16=0,Y16=0,AND($U$8=1,AC16=0)),0,1) -> 1
A17: =IF('Довідник категорій'!A13="","",'Довідник категорій'!A13) -> Апартаменти покращені 28 м² | B17: =IF($A17="","",IFERROR(INDEX(ДОВ_BOOKING,MATCH($A17,КАТЕГОРІЇ,0)),"")) -> Апартаменти покращені 28 м² | C17: =IF($A17="","",IFERROR(INDEX(ДОВ_ГРУПА,MATCH($A17,КАТЕГОРІЇ,0)),"")) -> Apartments A | D17: =IF(OR($AE17=0,D$8>$Z17),"",ROUND(((W17*X17+MAX(0,D$8-$AA17)*КРОК_ГОСТЯ)*(1-$U$5)+D$8*$AB17*(1-$U$5*$U$6)+$AD17*(1-$U$5*$U$7))/ОКРУГЛЕННЯ,0)*ОКРУГЛЕННЯ) -> 3126 | E17: =IF(OR($AE17=0,E$8>$Z17),"",ROUND(((W17*X17+MAX(0,E$8-$AA17)*КРОК_ГОСТЯ)*(1-$U$5)+E$8*$AB17*(1-$U$5*$U$6)+$AD17*(1-$U$5*$U$7))/ОКРУГЛЕННЯ,0)*ОКРУГЛЕННЯ) -> 3126 | F17: =IF(OR($AE17=0,F$8>$Z17),"",ROUND(((W17*X17+MAX(0,F$8-$AA17)*КРОК_ГОСТЯ)*(1-$U$5)+F$8*$AB17*(1-$U$5*$U$6)+$AD17*(1-$U$5*$U$7))/ОКРУГЛЕННЯ,0)*ОКРУГЛЕННЯ) | G17: =IF(OR($AE17=0,G$8>$Z17),"",ROUND(((W17*X17+MAX(0,G$8-$AA17)*КРОК_ГОСТЯ)*(1-$U$5)+G$8*$AB17*(1-$U$5*$U$6)+$AD17*(1-$U$5*$U$7))/ОКРУГЛЕННЯ,0)*ОКРУГЛЕННЯ) | H17: =IF(OR($AE17=0,H$8>$Z17),"",ROUND(((W17*X17+MAX(0,H$8-$AA17)*КРОК_ГОСТЯ)*(1-$U$5)+H$8*$AB17*(1-$U$5*$U$6)+$AD17*(1-$U$5*$U$7))/ОКРУГЛЕННЯ,0)*ОКРУГЛЕННЯ) | I17: =IF(OR($AE17=0,I$8>$Z17),"",ROUND(((W17*X17+MAX(0,I$8-$AA17)*КРОК_ГОСТЯ)*(1-$U$5)+I$8*$AB17*(1-$U$5*$U$6)+$AD17*(1-$U$5*$U$7))/ОКРУГЛЕННЯ,0)*ОКРУГЛЕННЯ) | J17: =IF(OR($AE17=0,J$8>$Z17),"",ROUND(((W17*X17+MAX(0,J$8-$AA17)*КРОК_ГОСТЯ)*(1-$U$5)+J$8*$AB17*(1-$U$5*$U$6)+$AD17*(1-$U$5*$U$7))/ОКРУГЛЕННЯ,0)*ОКРУГЛЕННЯ) | K17: =IF(OR($AE17=0,K$8>$Z17),"",ROUND(((W17*X17+MAX(0,K$8-$AA17)*КРОК_ГОСТЯ)*(1-$U$5)+K$8*$AB17*(1-$U$5*$U$6)+$AD17*(1-$U$5*$U$7))/ОКРУГЛЕННЯ,0)*ОКРУГЛЕННЯ) | L17: =IF(OR($AF17=0,L$8>$Z17),"",ROUND(((W17*X17*Y17+MAX(0,L$8-$AA17)*КРОК_ГОСТЯ)*(1-$U$5)+L$8*$AC17*(1-$U$5*$U$6)+$AD17*(1-$U$5*$U$7))/ОКРУГЛЕННЯ,0)*ОКРУГЛЕННЯ) -> 3398 | M17: =IF(OR($AF17=0,M$8>$Z17),"",ROUND(((W17*X17*Y17+MAX(0,M$8-$AA17)*КРОК_ГОСТЯ)*(1-$U$5)+M$8*$AC17*(1-$U$5*$U$6)+$AD17*(1-$U$5*$U$7))/ОКРУГЛЕННЯ,0)*ОКРУГЛЕННЯ) -> 3398 | N17: =IF(OR($AF17=0,N$8>$Z17),"",ROUND(((W17*X17*Y17+MAX(0,N$8-$AA17)*КРОК_ГОСТЯ)*(1-$U$5)+N$8*$AC17*(1-$U$5*$U$6)+$AD17*(1-$U$5*$U$7))/ОКРУГЛЕННЯ,0)*ОКРУГЛЕННЯ) | O17: =IF(OR($AF17=0,O$8>$Z17),"",ROUND(((W17*X17*Y17+MAX(0,O$8-$AA17)*КРОК_ГОСТЯ)*(1-$U$5)+O$8*$AC17*(1-$U$5*$U$6)+$AD17*(1-$U$5*$U$7))/ОКРУГЛЕННЯ,0)*ОКРУГЛЕННЯ) | P17: =IF(OR($AF17=0,P$8>$Z17),"",ROUND(((W17*X17*Y17+MAX(0,P$8-$AA17)*КРОК_ГОСТЯ)*(1-$U$5)+P$8*$AC17*(1-$U$5*$U$6)+$AD17*(1-$U$5*$U$7))/ОКРУГЛЕННЯ,0)*ОКРУГЛЕННЯ) | Q17: =IF(OR($AF17=0,Q$8>$Z17),"",ROUND(((W17*X17*Y17+MAX(0,Q$8-$AA17)*КРОК_ГОСТЯ)*(1-$U$5)+Q$8*$AC17*(1-$U$5*$U$6)+$AD17*(1-$U$5*$U$7))/ОКРУГЛЕННЯ,0)*ОКРУГЛЕННЯ) | R17: =IF(OR($AF17=0,R$8>$Z17),"",ROUND(((W17*X17*Y17+MAX(0,R$8-$AA17)*КРОК_ГОСТЯ)*(1-$U$5)+R$8*$AC17*(1-$U$5*$U$6)+$AD17*(1-$U$5*$U$7))/ОКРУГЛЕННЯ,0)*ОКРУГЛЕННЯ) | S17: =IF(OR($AF17=0,S$8>$Z17),"",ROUND(((W17*X17*Y17+MAX(0,S$8-$AA17)*КРОК_ГОСТЯ)*(1-$U$5)+S$8*$AC17*(1-$U$5*$U$6)+$AD17*(1-$U$5*$U$7))/ОКРУГЛЕННЯ,0)*ОКРУГЛЕННЯ) | W17: =IF(OR($U$3=0,$A17=""),0,IFERROR(INDEX(БАЗА_RO,MATCH(INDEX(ДОВ_ОПОРА,MATCH($A17,КАТЕГОРІЇ,0)),БАЗА_КАТ,0),$U$3),0)) -> 2370 | X17: =IF(OR($U$3=0,$A17=""),0,IFERROR(INDEX(МНОЖНИКИ,MATCH($A17,МНОЖ_КАТ,0),$U$3),0)) -> 1.15 | Y17: =IF(OR($U$3=0,$A17=""),0,IFERROR(INDEX(МНОЖНИКИ,MATCH($A17,МНОЖ_КАТ,0),$U$3+1),0)) -> 1.1 | Z17: =IF($A17="",0,IFERROR(INDEX(ДОВ_МАКС,MATCH($A17,КАТЕГОРІЇ,0)),0)) -> 2 | AA17: =IF($A17="",0,IFERROR(INDEX(ДОВ_ВКЛ,MATCH($A17,КАТЕГОРІЇ,0)),0)) -> 2 | AB17: =IF(OR($U$3=0,$U$8=0),0,IFERROR(INDEX(ПАКЕТИ_ЦІНИ,MATCH($U$10&"|Будні",ПАКЕТИ_КЛЮЧ,0),$U$3),0)) -> 0 | AC17: =IF(OR($U$3=0,$U$8=0),0,IFERROR(INDEX(ПАКЕТИ_ЦІНИ,MATCH($U$10&"|Вихідні",ПАКЕТИ_КЛЮЧ,0),$U$3),0)) -> 0 | AD17: =IF(OR($U$3=0,$U$9=0,$A17=""),0,IFERROR(INDEX(SPA_ЦІНИ,MATCH(INDEX(ДОВ_SPA,MATCH($A17,КАТЕГОРІЇ,0)),SPA_РОЛЬ,0),$U$3),0)) -> 400 | AE17: =IF(OR($A17="",W17=0,X17=0,AND($U$8=1,AB17=0),AND($U$9=1,AD17=0)),0,1) -> 1 | AF17: =IF(OR(AE17=0,Y17=0,AND($U$8=1,AC17=0)),0,1) -> 1
A18: =IF('Довідник категорій'!A14="","",'Довідник категорій'!A14) -> Апартаменти Люкс 25 м² | B18: =IF($A18="","",IFERROR(INDEX(ДОВ_BOOKING,MATCH($A18,КАТЕГОРІЇ,0)),"")) -> Апартаменти Люкс 25 м² | C18: =IF($A18="","",IFERROR(INDEX(ДОВ_ГРУПА,MATCH($A18,КАТЕГОРІЇ,0)),"")) -> Apartments A | D18: =IF(OR($AE18=0,D$8>$Z18),"",ROUND(((W18*X18+MAX(0,D$8-$AA18)*КРОК_ГОСТЯ)*(1-$U$5)+D$8*$AB18*(1-$U$5*$U$6)+$AD18*(1-$U$5*$U$7))/ОКРУГЛЕННЯ,0)*ОКРУГЛЕННЯ) -> 3600 | E18: =IF(OR($AE18=0,E$8>$Z18),"",ROUND(((W18*X18+MAX(0,E$8-$AA18)*КРОК_ГОСТЯ)*(1-$U$5)+E$8*$AB18*(1-$U$5*$U$6)+$AD18*(1-$U$5*$U$7))/ОКРУГЛЕННЯ,0)*ОКРУГЛЕННЯ) -> 3600 | F18: =IF(OR($AE18=0,F$8>$Z18),"",ROUND(((W18*X18+MAX(0,F$8-$AA18)*КРОК_ГОСТЯ)*(1-$U$5)+F$8*$AB18*(1-$U$5*$U$6)+$AD18*(1-$U$5*$U$7))/ОКРУГЛЕННЯ,0)*ОКРУГЛЕННЯ) | G18: =IF(OR($AE18=0,G$8>$Z18),"",ROUND(((W18*X18+MAX(0,G$8-$AA18)*КРОК_ГОСТЯ)*(1-$U$5)+G$8*$AB18*(1-$U$5*$U$6)+$AD18*(1-$U$5*$U$7))/ОКРУГЛЕННЯ,0)*ОКРУГЛЕННЯ) | H18: =IF(OR($AE18=0,H$8>$Z18),"",ROUND(((W18*X18+MAX(0,H$8-$AA18)*КРОК_ГОСТЯ)*(1-$U$5)+H$8*$AB18*(1-$U$5*$U$6)+$AD18*(1-$U$5*$U$7))/ОКРУГЛЕННЯ,0)*ОКРУГЛЕННЯ) | I18: =IF(OR($AE18=0,I$8>$Z18),"",ROUND(((W18*X18+MAX(0,I$8-$AA18)*КРОК_ГОСТЯ)*(1-$U$5)+I$8*$AB18*(1-$U$5*$U$6)+$AD18*(1-$U$5*$U$7))/ОКРУГЛЕННЯ,0)*ОКРУГЛЕННЯ) | J18: =IF(OR($AE18=0,J$8>$Z18),"",ROUND(((W18*X18+MAX(0,J$8-$AA18)*КРОК_ГОСТЯ)*(1-$U$5)+J$8*$AB18*(1-$U$5*$U$6)+$AD18*(1-$U$5*$U$7))/ОКРУГЛЕННЯ,0)*ОКРУГЛЕННЯ) | K18: =IF(OR($AE18=0,K$8>$Z18),"",ROUND(((W18*X18+MAX(0,K$8-$AA18)*КРОК_ГОСТЯ)*(1-$U$5)+K$8*$AB18*(1-$U$5*$U$6)+$AD18*(1-$U$5*$U$7))/ОКРУГЛЕННЯ,0)*ОКРУГЛЕННЯ) | L18: =IF(OR($AF18=0,L$8>$Z18),"",ROUND(((W18*X18*Y18+MAX(0,L$8-$AA18)*КРОК_ГОСТЯ)*(1-$U$5)+L$8*$AC18*(1-$U$5*$U$6)+$AD18*(1-$U$5*$U$7))/ОКРУГЛЕННЯ,0)*ОКРУГЛЕННЯ) -> 3823 | M18: =IF(OR($AF18=0,M$8>$Z18),"",ROUND(((W18*X18*Y18+MAX(0,M$8-$AA18)*КРОК_ГОСТЯ)*(1-$U$5)+M$8*$AC18*(1-$U$5*$U$6)+$AD18*(1-$U$5*$U$7))/ОКРУГЛЕННЯ,0)*ОКРУГЛЕННЯ) -> 3823 | N18: =IF(OR($AF18=0,N$8>$Z18),"",ROUND(((W18*X18*Y18+MAX(0,N$8-$AA18)*КРОК_ГОСТЯ)*(1-$U$5)+N$8*$AC18*(1-$U$5*$U$6)+$AD18*(1-$U$5*$U$7))/ОКРУГЛЕННЯ,0)*ОКРУГЛЕННЯ) | O18: =IF(OR($AF18=0,O$8>$Z18),"",ROUND(((W18*X18*Y18+MAX(0,O$8-$AA18)*КРОК_ГОСТЯ)*(1-$U$5)+O$8*$AC18*(1-$U$5*$U$6)+$AD18*(1-$U$5*$U$7))/ОКРУГЛЕННЯ,0)*ОКРУГЛЕННЯ) | P18: =IF(OR($AF18=0,P$8>$Z18),"",ROUND(((W18*X18*Y18+MAX(0,P$8-$AA18)*КРОК_ГОСТЯ)*(1-$U$5)+P$8*$AC18*(1-$U$5*$U$6)+$AD18*(1-$U$5*$U$7))/ОКРУГЛЕННЯ,0)*ОКРУГЛЕННЯ) | Q18: =IF(OR($AF18=0,Q$8>$Z18),"",ROUND(((W18*X18*Y18+MAX(0,Q$8-$AA18)*КРОК_ГОСТЯ)*(1-$U$5)+Q$8*$AC18*(1-$U$5*$U$6)+$AD18*(1-$U$5*$U$7))/ОКРУГЛЕННЯ,0)*ОКРУГЛЕННЯ) | R18: =IF(OR($AF18=0,R$8>$Z18),"",ROUND(((W18*X18*Y18+MAX(0,R$8-$AA18)*КРОК_ГОСТЯ)*(1-$U$5)+R$8*$AC18*(1-$U$5*$U$6)+$AD18*(1-$U$5*$U$7))/ОКРУГЛЕННЯ,0)*ОКРУГЛЕННЯ) | S18: =IF(OR($AF18=0,S$8>$Z18),"",ROUND(((W18*X18*Y18+MAX(0,S$8-$AA18)*КРОК_ГОСТЯ)*(1-$U$5)+S$8*$AC18*(1-$U$5*$U$6)+$AD18*(1-$U$5*$U$7))/ОКРУГЛЕННЯ,0)*ОКРУГЛЕННЯ) | W18: =IF(OR($U$3=0,$A18=""),0,IFERROR(INDEX(БАЗА_RO,MATCH(INDEX(ДОВ_ОПОРА,MATCH($A18,КАТЕГОРІЇ,0)),БАЗА_КАТ,0),$U$3),0)) -> 2370 | X18: =IF(OR($U$3=0,$A18=""),0,IFERROR(INDEX(МНОЖНИКИ,MATCH($A18,МНОЖ_КАТ,0),$U$3),0)) -> 1.35 | Y18: =IF(OR($U$3=0,$A18=""),0,IFERROR(INDEX(МНОЖНИКИ,MATCH($A18,МНОЖ_КАТ,0),$U$3+1),0)) -> 1.07 | Z18: =IF($A18="",0,IFERROR(INDEX(ДОВ_МАКС,MATCH($A18,КАТЕГОРІЇ,0)),0)) -> 2 | AA18: =IF($A18="",0,IFERROR(INDEX(ДОВ_ВКЛ,MATCH($A18,КАТЕГОРІЇ,0)),0)) -> 2 | AB18: =IF(OR($U$3=0,$U$8=0),0,IFERROR(INDEX(ПАКЕТИ_ЦІНИ,MATCH($U$10&"|Будні",ПАКЕТИ_КЛЮЧ,0),$U$3),0)) -> 0 | AC18: =IF(OR($U$3=0,$U$8=0),0,IFERROR(INDEX(ПАКЕТИ_ЦІНИ,MATCH($U$10&"|Вихідні",ПАКЕТИ_КЛЮЧ,0),$U$3),0)) -> 0 | AD18: =IF(OR($U$3=0,$U$9=0,$A18=""),0,IFERROR(INDEX(SPA_ЦІНИ,MATCH(INDEX(ДОВ_SPA,MATCH($A18,КАТЕГОРІЇ,0)),SPA_РОЛЬ,0),$U$3),0)) -> 400 | AE18: =IF(OR($A18="",W18=0,X18=0,AND($U$8=1,AB18=0),AND($U$9=1,AD18=0)),0,1) -> 1 | AF18: =IF(OR(AE18=0,Y18=0,AND($U$8=1,AC18=0)),0,1) -> 1
A19: =IF('Довідник категорій'!A15="","",'Довідник категорій'!A15) -> Люкс зі спальнею та вітальнею | B19: =IF($A19="","",IFERROR(INDEX(ДОВ_BOOKING,MATCH($A19,КАТЕГОРІЇ,0)),"")) -> Стандартний двомісний люкс 52 м² | C19: =IF($A19="","",IFERROR(INDEX(ДОВ_ГРУПА,MATCH($A19,КАТЕГОРІЇ,0)),"")) -> Apartments A | D19: =IF(OR($AE19=0,D$8>$Z19),"",ROUND(((W19*X19+MAX(0,D$8-$AA19)*КРОК_ГОСТЯ)*(1-$U$5)+D$8*$AB19*(1-$U$5*$U$6)+$AD19*(1-$U$5*$U$7))/ОКРУГЛЕННЯ,0)*ОКРУГЛЕННЯ) -> 4192 | E19: =IF(OR($AE19=0,E$8>$Z19),"",ROUND(((W19*X19+MAX(0,E$8-$AA19)*КРОК_ГОСТЯ)*(1-$U$5)+E$8*$AB19*(1-$U$5*$U$6)+$AD19*(1-$U$5*$U$7))/ОКРУГЛЕННЯ,0)*ОКРУГЛЕННЯ) -> 4192 | F19: =IF(OR($AE19=0,F$8>$Z19),"",ROUND(((W19*X19+MAX(0,F$8-$AA19)*КРОК_ГОСТЯ)*(1-$U$5)+F$8*$AB19*(1-$U$5*$U$6)+$AD19*(1-$U$5*$U$7))/ОКРУГЛЕННЯ,0)*ОКРУГЛЕННЯ) -> 4692 | G19: =IF(OR($AE19=0,G$8>$Z19),"",ROUND(((W19*X19+MAX(0,G$8-$AA19)*КРОК_ГОСТЯ)*(1-$U$5)+G$8*$AB19*(1-$U$5*$U$6)+$AD19*(1-$U$5*$U$7))/ОКРУГЛЕННЯ,0)*ОКРУГЛЕННЯ) | H19: =IF(OR($AE19=0,H$8>$Z19),"",ROUND(((W19*X19+MAX(0,H$8-$AA19)*КРОК_ГОСТЯ)*(1-$U$5)+H$8*$AB19*(1-$U$5*$U$6)+$AD19*(1-$U$5*$U$7))/ОКРУГЛЕННЯ,0)*ОКРУГЛЕННЯ) | I19: =IF(OR($AE19=0,I$8>$Z19),"",ROUND(((W19*X19+MAX(0,I$8-$AA19)*КРОК_ГОСТЯ)*(1-$U$5)+I$8*$AB19*(1-$U$5*$U$6)+$AD19*(1-$U$5*$U$7))/ОКРУГЛЕННЯ,0)*ОКРУГЛЕННЯ) | J19: =IF(OR($AE19=0,J$8>$Z19),"",ROUND(((W19*X19+MAX(0,J$8-$AA19)*КРОК_ГОСТЯ)*(1-$U$5)+J$8*$AB19*(1-$U$5*$U$6)+$AD19*(1-$U$5*$U$7))/ОКРУГЛЕННЯ,0)*ОКРУГЛЕННЯ) | K19: =IF(OR($AE19=0,K$8>$Z19),"",ROUND(((W19*X19+MAX(0,K$8-$AA19)*КРОК_ГОСТЯ)*(1-$U$5)+K$8*$AB19*(1-$U$5*$U$6)+$AD19*(1-$U$5*$U$7))/ОКРУГЛЕННЯ,0)*ОКРУГЛЕННЯ) | L19: =IF(OR($AF19=0,L$8>$Z19),"",ROUND(((W19*X19*Y19+MAX(0,L$8-$AA19)*КРОК_ГОСТЯ)*(1-$U$5)+L$8*$AC19*(1-$U$5*$U$6)+$AD19*(1-$U$5*$U$7))/ОКРУГЛЕННЯ,0)*ОКРУГЛЕННЯ) -> 4439 | M19: =IF(OR($AF19=0,M$8>$Z19),"",ROUND(((W19*X19*Y19+MAX(0,M$8-$AA19)*КРОК_ГОСТЯ)*(1-$U$5)+M$8*$AC19*(1-$U$5*$U$6)+$AD19*(1-$U$5*$U$7))/ОКРУГЛЕННЯ,0)*ОКРУГЛЕННЯ) -> 4439 | N19: =IF(OR($AF19=0,N$8>$Z19),"",ROUND(((W19*X19*Y19+MAX(0,N$8-$AA19)*КРОК_ГОСТЯ)*(1-$U$5)+N$8*$AC19*(1-$U$5*$U$6)+$AD19*(1-$U$5*$U$7))/ОКРУГЛЕННЯ,0)*ОКРУГЛЕННЯ) -> 4939 | O19: =IF(OR($AF19=0,O$8>$Z19),"",ROUND(((W19*X19*Y19+MAX(0,O$8-$AA19)*КРОК_ГОСТЯ)*(1-$U$5)+O$8*$AC19*(1-$U$5*$U$6)+$AD19*(1-$U$5*$U$7))/ОКРУГЛЕННЯ,0)*ОКРУГЛЕННЯ) | P19: =IF(OR($AF19=0,P$8>$Z19),"",ROUND(((W19*X19*Y19+MAX(0,P$8-$AA19)*КРОК_ГОСТЯ)*(1-$U$5)+P$8*$AC19*(1-$U$5*$U$6)+$AD19*(1-$U$5*$U$7))/ОКРУГЛЕННЯ,0)*ОКРУГЛЕННЯ) | Q19: =IF(OR($AF19=0,Q$8>$Z19),"",ROUND(((W19*X19*Y19+MAX(0,Q$8-$AA19)*КРОК_ГОСТЯ)*(1-$U$5)+Q$8*$AC19*(1-$U$5*$U$6)+$AD19*(1-$U$5*$U$7))/ОКРУГЛЕННЯ,0)*ОКРУГЛЕННЯ) | R19: =IF(OR($AF19=0,R$8>$Z19),"",ROUND(((W19*X19*Y19+MAX(0,R$8-$AA19)*КРОК_ГОСТЯ)*(1-$U$5)+R$8*$AC19*(1-$U$5*$U$6)+$AD19*(1-$U$5*$U$7))/ОКРУГЛЕННЯ,0)*ОКРУГЛЕННЯ) | S19: =IF(OR($AF19=0,S$8>$Z19),"",ROUND(((W19*X19*Y19+MAX(0,S$8-$AA19)*КРОК_ГОСТЯ)*(1-$U$5)+S$8*$AC19*(1-$U$5*$U$6)+$AD19*(1-$U$5*$U$7))/ОКРУГЛЕННЯ,0)*ОКРУГЛЕННЯ) | W19: =IF(OR($U$3=0,$A19=""),0,IFERROR(INDEX(БАЗА_RO,MATCH(INDEX(ДОВ_ОПОРА,MATCH($A19,КАТЕГОРІЇ,0)),БАЗА_КАТ,0),$U$3),0)) -> 2370 | X19: =IF(OR($U$3=0,$A19=""),0,IFERROR(INDEX(МНОЖНИКИ,MATCH($A19,МНОЖ_КАТ,0),$U$3),0)) -> 1.6 | Y19: =IF(OR($U$3=0,$A19=""),0,IFERROR(INDEX(МНОЖНИКИ,MATCH($A19,МНОЖ_КАТ,0),$U$3+1),0)) -> 1.0652 | Z19: =IF($A19="",0,IFERROR(INDEX(ДОВ_МАКС,MATCH($A19,КАТЕГОРІЇ,0)),0)) -> 3 | AA19: =IF($A19="",0,IFERROR(INDEX(ДОВ_ВКЛ,MATCH($A19,КАТЕГОРІЇ,0)),0)) -> 2 | AB19: =IF(OR($U$3=0,$U$8=0),0,IFERROR(INDEX(ПАКЕТИ_ЦІНИ,MATCH($U$10&"|Будні",ПАКЕТИ_КЛЮЧ,0),$U$3),0)) -> 0 | AC19: =IF(OR($U$3=0,$U$8=0),0,IFERROR(INDEX(ПАКЕТИ_ЦІНИ,MATCH($U$10&"|Вихідні",ПАКЕТИ_КЛЮЧ,0),$U$3),0)) -> 0 | AD19: =IF(OR($U$3=0,$U$9=0,$A19=""),0,IFERROR(INDEX(SPA_ЦІНИ,MATCH(INDEX(ДОВ_SPA,MATCH($A19,КАТЕГОРІЇ,0)),SPA_РОЛЬ,0),$U$3),0)) -> 400 | AE19: =IF(OR($A19="",W19=0,X19=0,AND($U$8=1,AB19=0),AND($U$9=1,AD19=0)),0,1) -> 1 | AF19: =IF(OR(AE19=0,Y19=0,AND($U$8=1,AC19=0)),0,1) -> 1
A20: =IF('Довідник категорій'!A16="","",'Довідник категорій'!A16) -> Люкс з видом на гори (з 2-ма спальнями) 61 м² | B20: =IF($A20="","",IFERROR(INDEX(ДОВ_BOOKING,MATCH($A20,КАТЕГОРІЇ,0)),"")) -> Люкс з видом на гори (з 2-ма спальнями) 61 м² | C20: =IF($A20="","",IFERROR(INDEX(ДОВ_ГРУПА,MATCH($A20,КАТЕГОРІЇ,0)),"")) -> Apartments A | D20: =IF(OR($AE20=0,D$8>$Z20),"",ROUND(((W20*X20+MAX(0,D$8-$AA20)*КРОК_ГОСТЯ)*(1-$U$5)+D$8*$AB20*(1-$U$5*$U$6)+$AD20*(1-$U$5*$U$7))/ОКРУГЛЕННЯ,0)*ОКРУГЛЕННЯ) -> 4903 | E20: =IF(OR($AE20=0,E$8>$Z20),"",ROUND(((W20*X20+MAX(0,E$8-$AA20)*КРОК_ГОСТЯ)*(1-$U$5)+E$8*$AB20*(1-$U$5*$U$6)+$AD20*(1-$U$5*$U$7))/ОКРУГЛЕННЯ,0)*ОКРУГЛЕННЯ) -> 4903 | F20: =IF(OR($AE20=0,F$8>$Z20),"",ROUND(((W20*X20+MAX(0,F$8-$AA20)*КРОК_ГОСТЯ)*(1-$U$5)+F$8*$AB20*(1-$U$5*$U$6)+$AD20*(1-$U$5*$U$7))/ОКРУГЛЕННЯ,0)*ОКРУГЛЕННЯ) -> 5403 | G20: =IF(OR($AE20=0,G$8>$Z20),"",ROUND(((W20*X20+MAX(0,G$8-$AA20)*КРОК_ГОСТЯ)*(1-$U$5)+G$8*$AB20*(1-$U$5*$U$6)+$AD20*(1-$U$5*$U$7))/ОКРУГЛЕННЯ,0)*ОКРУГЛЕННЯ) -> 5903 | H20: =IF(OR($AE20=0,H$8>$Z20),"",ROUND(((W20*X20+MAX(0,H$8-$AA20)*КРОК_ГОСТЯ)*(1-$U$5)+H$8*$AB20*(1-$U$5*$U$6)+$AD20*(1-$U$5*$U$7))/ОКРУГЛЕННЯ,0)*ОКРУГЛЕННЯ) -> 6403 | I20: =IF(OR($AE20=0,I$8>$Z20),"",ROUND(((W20*X20+MAX(0,I$8-$AA20)*КРОК_ГОСТЯ)*(1-$U$5)+I$8*$AB20*(1-$U$5*$U$6)+$AD20*(1-$U$5*$U$7))/ОКРУГЛЕННЯ,0)*ОКРУГЛЕННЯ) | J20: =IF(OR($AE20=0,J$8>$Z20),"",ROUND(((W20*X20+MAX(0,J$8-$AA20)*КРОК_ГОСТЯ)*(1-$U$5)+J$8*$AB20*(1-$U$5*$U$6)+$AD20*(1-$U$5*$U$7))/ОКРУГЛЕННЯ,0)*ОКРУГЛЕННЯ) | K20: =IF(OR($AE20=0,K$8>$Z20),"",ROUND(((W20*X20+MAX(0,K$8-$AA20)*КРОК_ГОСТЯ)*(1-$U$5)+K$8*$AB20*(1-$U$5*$U$6)+$AD20*(1-$U$5*$U$7))/ОКРУГЛЕННЯ,0)*ОКРУГЛЕННЯ) | L20: =IF(OR($AF20=0,L$8>$Z20),"",ROUND(((W20*X20*Y20+MAX(0,L$8-$AA20)*КРОК_ГОСТЯ)*(1-$U$5)+L$8*$AC20*(1-$U$5*$U$6)+$AD20*(1-$U$5*$U$7))/ОКРУГЛЕННЯ,0)*ОКРУГЛЕННЯ) -> 5218 | M20: =IF(OR($AF20=0,M$8>$Z20),"",ROUND(((W20*X20*Y20+MAX(0,M$8-$AA20)*КРОК_ГОСТЯ)*(1-$U$5)+M$8*$AC20*(1-$U$5*$U$6)+$AD20*(1-$U$5*$U$7))/ОКРУГЛЕННЯ,0)*ОКРУГЛЕННЯ) -> 5218 | N20: =IF(OR($AF20=0,N$8>$Z20),"",ROUND(((W20*X20*Y20+MAX(0,N$8-$AA20)*КРОК_ГОСТЯ)*(1-$U$5)+N$8*$AC20*(1-$U$5*$U$6)+$AD20*(1-$U$5*$U$7))/ОКРУГЛЕННЯ,0)*ОКРУГЛЕННЯ) -> 5718 | O20: =IF(OR($AF20=0,O$8>$Z20),"",ROUND(((W20*X20*Y20+MAX(0,O$8-$AA20)*КРОК_ГОСТЯ)*(1-$U$5)+O$8*$AC20*(1-$U$5*$U$6)+$AD20*(1-$U$5*$U$7))/ОКРУГЛЕННЯ,0)*ОКРУГЛЕННЯ) -> 6218 | P20: =IF(OR($AF20=0,P$8>$Z20),"",ROUND(((W20*X20*Y20+MAX(0,P$8-$AA20)*КРОК_ГОСТЯ)*(1-$U$5)+P$8*$AC20*(1-$U$5*$U$6)+$AD20*(1-$U$5*$U$7))/ОКРУГЛЕННЯ,0)*ОКРУГЛЕННЯ) -> 6718 | Q20: =IF(OR($AF20=0,Q$8>$Z20),"",ROUND(((W20*X20*Y20+MAX(0,Q$8-$AA20)*КРОК_ГОСТЯ)*(1-$U$5)+Q$8*$AC20*(1-$U$5*$U$6)+$AD20*(1-$U$5*$U$7))/ОКРУГЛЕННЯ,0)*ОКРУГЛЕННЯ) | R20: =IF(OR($AF20=0,R$8>$Z20),"",ROUND(((W20*X20*Y20+MAX(0,R$8-$AA20)*КРОК_ГОСТЯ)*(1-$U$5)+R$8*$AC20*(1-$U$5*$U$6)+$AD20*(1-$U$5*$U$7))/ОКРУГЛЕННЯ,0)*ОКРУГЛЕННЯ) | S20: =IF(OR($AF20=0,S$8>$Z20),"",ROUND(((W20*X20*Y20+MAX(0,S$8-$AA20)*КРОК_ГОСТЯ)*(1-$U$5)+S$8*$AC20*(1-$U$5*$U$6)+$AD20*(1-$U$5*$U$7))/ОКРУГЛЕННЯ,0)*ОКРУГЛЕННЯ) | W20: =IF(OR($U$3=0,$A20=""),0,IFERROR(INDEX(БАЗА_RO,MATCH(INDEX(ДОВ_ОПОРА,MATCH($A20,КАТЕГОРІЇ,0)),БАЗА_КАТ,0),$U$3),0)) -> 2370 | X20: =IF(OR($U$3=0,$A20=""),0,IFERROR(INDEX(МНОЖНИКИ,MATCH($A20,МНОЖ_КАТ,0),$U$3),0)) -> 1.9 | Y20: =IF(OR($U$3=0,$A20=""),0,IFERROR(INDEX(МНОЖНИКИ,MATCH($A20,МНОЖ_КАТ,0),$U$3+1),0)) -> 1.07 | Z20: =IF($A20="",0,IFERROR(INDEX(ДОВ_МАКС,MATCH($A20,КАТЕГОРІЇ,0)),0)) -> 5 | AA20: =IF($A20="",0,IFERROR(INDEX(ДОВ_ВКЛ,MATCH($A20,КАТЕГОРІЇ,0)),0)) -> 2 | AB20: =IF(OR($U$3=0,$U$8=0),0,IFERROR(INDEX(ПАКЕТИ_ЦІНИ,MATCH($U$10&"|Будні",ПАКЕТИ_КЛЮЧ,0),$U$3),0)) -> 0 | AC20: =IF(OR($U$3=0,$U$8=0),0,IFERROR(INDEX(ПАКЕТИ_ЦІНИ,MATCH($U$10&"|Вихідні",ПАКЕТИ_КЛЮЧ,0),$U$3),0)) -> 0 | AD20: =IF(OR($U$3=0,$U$9=0,$A20=""),0,IFERROR(INDEX(SPA_ЦІНИ,MATCH(INDEX(ДОВ_SPA,MATCH($A20,КАТЕГОРІЇ,0)),SPA_РОЛЬ,0),$U$3),0)) -> 400 | AE20: =IF(OR($A20="",W20=0,X20=0,AND($U$8=1,AB20=0),AND($U$9=1,AD20=0)),0,1) -> 1 | AF20: =IF(OR(AE20=0,Y20=0,AND($U$8=1,AC20=0)),0,1) -> 1
A21: =IF('Довідник категорій'!A17="","",'Довідник категорій'!A17) -> Апартаменти 1-й поверх 45 м² | B21: =IF($A21="","",IFERROR(INDEX(ДОВ_BOOKING,MATCH($A21,КАТЕГОРІЇ,0)),"")) -> Апартаменти 1-й поверх 45 м² | C21: =IF($A21="","",IFERROR(INDEX(ДОВ_ГРУПА,MATCH($A21,КАТЕГОРІЇ,0)),"")) -> Apartments B | D21: =IF(OR($AE21=0,D$8>$Z21),"",ROUND(((W21*X21+MAX(0,D$8-$AA21)*КРОК_ГОСТЯ)*(1-$U$5)+D$8*$AB21*(1-$U$5*$U$6)+$AD21*(1-$U$5*$U$7))/ОКРУГЛЕННЯ,0)*ОКРУГЛЕННЯ) -> 3330 | E21: =IF(OR($AE21=0,E$8>$Z21),"",ROUND(((W21*X21+MAX(0,E$8-$AA21)*КРОК_ГОСТЯ)*(1-$U$5)+E$8*$AB21*(1-$U$5*$U$6)+$AD21*(1-$U$5*$U$7))/ОКРУГЛЕННЯ,0)*ОКРУГЛЕННЯ) -> 3330 | F21: =IF(OR($AE21=0,F$8>$Z21),"",ROUND(((W21*X21+MAX(0,F$8-$AA21)*КРОК_ГОСТЯ)*(1-$U$5)+F$8*$AB21*(1-$U$5*$U$6)+$AD21*(1-$U$5*$U$7))/ОКРУГЛЕННЯ,0)*ОКРУГЛЕННЯ) -> 3830 | G21: =IF(OR($AE21=0,G$8>$Z21),"",ROUND(((W21*X21+MAX(0,G$8-$AA21)*КРОК_ГОСТЯ)*(1-$U$5)+G$8*$AB21*(1-$U$5*$U$6)+$AD21*(1-$U$5*$U$7))/ОКРУГЛЕННЯ,0)*ОКРУГЛЕННЯ) | H21: =IF(OR($AE21=0,H$8>$Z21),"",ROUND(((W21*X21+MAX(0,H$8-$AA21)*КРОК_ГОСТЯ)*(1-$U$5)+H$8*$AB21*(1-$U$5*$U$6)+$AD21*(1-$U$5*$U$7))/ОКРУГЛЕННЯ,0)*ОКРУГЛЕННЯ) | I21: =IF(OR($AE21=0,I$8>$Z21),"",ROUND(((W21*X21+MAX(0,I$8-$AA21)*КРОК_ГОСТЯ)*(1-$U$5)+I$8*$AB21*(1-$U$5*$U$6)+$AD21*(1-$U$5*$U$7))/ОКРУГЛЕННЯ,0)*ОКРУГЛЕННЯ) | J21: =IF(OR($AE21=0,J$8>$Z21),"",ROUND(((W21*X21+MAX(0,J$8-$AA21)*КРОК_ГОСТЯ)*(1-$U$5)+J$8*$AB21*(1-$U$5*$U$6)+$AD21*(1-$U$5*$U$7))/ОКРУГЛЕННЯ,0)*ОКРУГЛЕННЯ) | K21: =IF(OR($AE21=0,K$8>$Z21),"",ROUND(((W21*X21+MAX(0,K$8-$AA21)*КРОК_ГОСТЯ)*(1-$U$5)+K$8*$AB21*(1-$U$5*$U$6)+$AD21*(1-$U$5*$U$7))/ОКРУГЛЕННЯ,0)*ОКРУГЛЕННЯ) | L21: =IF(OR($AF21=0,L$8>$Z21),"",ROUND(((W21*X21*Y21+MAX(0,L$8-$AA21)*КРОК_ГОСТЯ)*(1-$U$5)+L$8*$AC21*(1-$U$5*$U$6)+$AD21*(1-$U$5*$U$7))/ОКРУГЛЕННЯ,0)*ОКРУГЛЕННЯ) -> 3535 | M21: =IF(OR($AF21=0,M$8>$Z21),"",ROUND(((W21*X21*Y21+MAX(0,M$8-$AA21)*КРОК_ГОСТЯ)*(1-$U$5)+M$8*$AC21*(1-$U$5*$U$6)+$AD21*(1-$U$5*$U$7))/ОКРУГЛЕННЯ,0)*ОКРУГЛЕННЯ) -> 3535 | N21: =IF(OR($AF21=0,N$8>$Z21),"",ROUND(((W21*X21*Y21+MAX(0,N$8-$AA21)*КРОК_ГОСТЯ)*(1-$U$5)+N$8*$AC21*(1-$U$5*$U$6)+$AD21*(1-$U$5*$U$7))/ОКРУГЛЕННЯ,0)*ОКРУГЛЕННЯ) -> 4035 | O21: =IF(OR($AF21=0,O$8>$Z21),"",ROUND(((W21*X21*Y21+MAX(0,O$8-$AA21)*КРОК_ГОСТЯ)*(1-$U$5)+O$8*$AC21*(1-$U$5*$U$6)+$AD21*(1-$U$5*$U$7))/ОКРУГЛЕННЯ,0)*ОКРУГЛЕННЯ) | P21: =IF(OR($AF21=0,P$8>$Z21),"",ROUND(((W21*X21*Y21+MAX(0,P$8-$AA21)*КРОК_ГОСТЯ)*(1-$U$5)+P$8*$AC21*(1-$U$5*$U$6)+$AD21*(1-$U$5*$U$7))/ОКРУГЛЕННЯ,0)*ОКРУГЛЕННЯ) | Q21: =IF(OR($AF21=0,Q$8>$Z21),"",ROUND(((W21*X21*Y21+MAX(0,Q$8-$AA21)*КРОК_ГОСТЯ)*(1-$U$5)+Q$8*$AC21*(1-$U$5*$U$6)+$AD21*(1-$U$5*$U$7))/ОКРУГЛЕННЯ,0)*ОКРУГЛЕННЯ) | R21: =IF(OR($AF21=0,R$8>$Z21),"",ROUND(((W21*X21*Y21+MAX(0,R$8-$AA21)*КРОК_ГОСТЯ)*(1-$U$5)+R$8*$AC21*(1-$U$5*$U$6)+$AD21*(1-$U$5*$U$7))/ОКРУГЛЕННЯ,0)*ОКРУГЛЕННЯ) | S21: =IF(OR($AF21=0,S$8>$Z21),"",ROUND(((W21*X21*Y21+MAX(0,S$8-$AA21)*КРОК_ГОСТЯ)*(1-$U$5)+S$8*$AC21*(1-$U$5*$U$6)+$AD21*(1-$U$5*$U$7))/ОКРУГЛЕННЯ,0)*ОКРУГЛЕННЯ) | W21: =IF(OR($U$3=0,$A21=""),0,IFERROR(INDEX(БАЗА_RO,MATCH(INDEX(ДОВ_ОПОРА,MATCH($A21,КАТЕГОРІЇ,0)),БАЗА_КАТ,0),$U$3),0)) -> 2930 | X21: =IF(OR($U$3=0,$A21=""),0,IFERROR(INDEX(МНОЖНИКИ,MATCH($A21,МНОЖ_КАТ,0),$U$3),0)) -> 1 | Y21: =IF(OR($U$3=0,$A21=""),0,IFERROR(INDEX(МНОЖНИКИ,MATCH($A21,МНОЖ_КАТ,0),$U$3+1),0)) -> 1.07 | Z21: =IF($A21="",0,IFERROR(INDEX(ДОВ_МАКС,MATCH($A21,КАТЕГОРІЇ,0)),0)) -> 3 | AA21: =IF($A21="",0,IFERROR(INDEX(ДОВ_ВКЛ,MATCH($A21,КАТЕГОРІЇ,0)),0)) -> 2 | AB21: =IF(OR($U$3=0,$U$8=0),0,IFERROR(INDEX(ПАКЕТИ_ЦІНИ,MATCH($U$10&"|Будні",ПАКЕТИ_КЛЮЧ,0),$U$3),0)) -> 0 | AC21: =IF(OR($U$3=0,$U$8=0),0,IFERROR(INDEX(ПАКЕТИ_ЦІНИ,MATCH($U$10&"|Вихідні",ПАКЕТИ_КЛЮЧ,0),$U$3),0)) -> 0 | AD21: =IF(OR($U$3=0,$U$9=0,$A21=""),0,IFERROR(INDEX(SPA_ЦІНИ,MATCH(INDEX(ДОВ_SPA,MATCH($A21,КАТЕГОРІЇ,0)),SPA_РОЛЬ,0),$U$3),0)) -> 400 | AE21: =IF(OR($A21="",W21=0,X21=0,AND($U$8=1,AB21=0),AND($U$9=1,AD21=0)),0,1) -> 1 | AF21: =IF(OR(AE21=0,Y21=0,AND($U$8=1,AC21=0)),0,1) -> 1
A22: =IF('Довідник категорій'!A18="","",'Довідник категорій'!A18) -> Апартаменти 2-кімнатні 1-й поверх | B22: =IF($A22="","",IFERROR(INDEX(ДОВ_BOOKING,MATCH($A22,КАТЕГОРІЇ,0)),"")) -> Апартаменти Делюкс 40 м² | C22: =IF($A22="","",IFERROR(INDEX(ДОВ_ГРУПА,MATCH($A22,КАТЕГОРІЇ,0)),"")) -> Apartments B | D22: =IF(OR($AE22=0,D$8>$Z22),"",ROUND(((W22*X22+MAX(0,D$8-$AA22)*КРОК_ГОСТЯ)*(1-$U$5)+D$8*$AB22*(1-$U$5*$U$6)+$AD22*(1-$U$5*$U$7))/ОКРУГЛЕННЯ,0)*ОКРУГЛЕННЯ) -> 3594 | E22: =IF(OR($AE22=0,E$8>$Z22),"",ROUND(((W22*X22+MAX(0,E$8-$AA22)*КРОК_ГОСТЯ)*(1-$U$5)+E$8*$AB22*(1-$U$5*$U$6)+$AD22*(1-$U$5*$U$7))/ОКРУГЛЕННЯ,0)*ОКРУГЛЕННЯ) -> 3594 | F22: =IF(OR($AE22=0,F$8>$Z22),"",ROUND(((W22*X22+MAX(0,F$8-$AA22)*КРОК_ГОСТЯ)*(1-$U$5)+F$8*$AB22*(1-$U$5*$U$6)+$AD22*(1-$U$5*$U$7))/ОКРУГЛЕННЯ,0)*ОКРУГЛЕННЯ) -> 4094 | G22: =IF(OR($AE22=0,G$8>$Z22),"",ROUND(((W22*X22+MAX(0,G$8-$AA22)*КРОК_ГОСТЯ)*(1-$U$5)+G$8*$AB22*(1-$U$5*$U$6)+$AD22*(1-$U$5*$U$7))/ОКРУГЛЕННЯ,0)*ОКРУГЛЕННЯ) | H22: =IF(OR($AE22=0,H$8>$Z22),"",ROUND(((W22*X22+MAX(0,H$8-$AA22)*КРОК_ГОСТЯ)*(1-$U$5)+H$8*$AB22*(1-$U$5*$U$6)+$AD22*(1-$U$5*$U$7))/ОКРУГЛЕННЯ,0)*ОКРУГЛЕННЯ) | I22: =IF(OR($AE22=0,I$8>$Z22),"",ROUND(((W22*X22+MAX(0,I$8-$AA22)*КРОК_ГОСТЯ)*(1-$U$5)+I$8*$AB22*(1-$U$5*$U$6)+$AD22*(1-$U$5*$U$7))/ОКРУГЛЕННЯ,0)*ОКРУГЛЕННЯ) | J22: =IF(OR($AE22=0,J$8>$Z22),"",ROUND(((W22*X22+MAX(0,J$8-$AA22)*КРОК_ГОСТЯ)*(1-$U$5)+J$8*$AB22*(1-$U$5*$U$6)+$AD22*(1-$U$5*$U$7))/ОКРУГЛЕННЯ,0)*ОКРУГЛЕННЯ) | K22: =IF(OR($AE22=0,K$8>$Z22),"",ROUND(((W22*X22+MAX(0,K$8-$AA22)*КРОК_ГОСТЯ)*(1-$U$5)+K$8*$AB22*(1-$U$5*$U$6)+$AD22*(1-$U$5*$U$7))/ОКРУГЛЕННЯ,0)*ОКРУГЛЕННЯ) | L22: =IF(OR($AF22=0,L$8>$Z22),"",ROUND(((W22*X22*Y22+MAX(0,L$8-$AA22)*КРОК_ГОСТЯ)*(1-$U$5)+L$8*$AC22*(1-$U$5*$U$6)+$AD22*(1-$U$5*$U$7))/ОКРУГЛЕННЯ,0)*ОКРУГЛЕННЯ) -> 3802 | M22: =IF(OR($AF22=0,M$8>$Z22),"",ROUND(((W22*X22*Y22+MAX(0,M$8-$AA22)*КРОК_ГОСТЯ)*(1-$U$5)+M$8*$AC22*(1-$U$5*$U$6)+$AD22*(1-$U$5*$U$7))/ОКРУГЛЕННЯ,0)*ОКРУГЛЕННЯ) -> 3802 | N22: =IF(OR($AF22=0,N$8>$Z22),"",ROUND(((W22*X22*Y22+MAX(0,N$8-$AA22)*КРОК_ГОСТЯ)*(1-$U$5)+N$8*$AC22*(1-$U$5*$U$6)+$AD22*(1-$U$5*$U$7))/ОКРУГЛЕННЯ,0)*ОКРУГЛЕННЯ) -> 4302 | O22: =IF(OR($AF22=0,O$8>$Z22),"",ROUND(((W22*X22*Y22+MAX(0,O$8-$AA22)*КРОК_ГОСТЯ)*(1-$U$5)+O$8*$AC22*(1-$U$5*$U$6)+$AD22*(1-$U$5*$U$7))/ОКРУГЛЕННЯ,0)*ОКРУГЛЕННЯ) | P22: =IF(OR($AF22=0,P$8>$Z22),"",ROUND(((W22*X22*Y22+MAX(0,P$8-$AA22)*КРОК_ГОСТЯ)*(1-$U$5)+P$8*$AC22*(1-$U$5*$U$6)+$AD22*(1-$U$5*$U$7))/ОКРУГЛЕННЯ,0)*ОКРУГЛЕННЯ) | Q22: =IF(OR($AF22=0,Q$8>$Z22),"",ROUND(((W22*X22*Y22+MAX(0,Q$8-$AA22)*КРОК_ГОСТЯ)*(1-$U$5)+Q$8*$AC22*(1-$U$5*$U$6)+$AD22*(1-$U$5*$U$7))/ОКРУГЛЕННЯ,0)*ОКРУГЛЕННЯ) | R22: =IF(OR($AF22=0,R$8>$Z22),"",ROUND(((W22*X22*Y22+MAX(0,R$8-$AA22)*КРОК_ГОСТЯ)*(1-$U$5)+R$8*$AC22*(1-$U$5*$U$6)+$AD22*(1-$U$5*$U$7))/ОКРУГЛЕННЯ,0)*ОКРУГЛЕННЯ) | S22: =IF(OR($AF22=0,S$8>$Z22),"",ROUND(((W22*X22*Y22+MAX(0,S$8-$AA22)*КРОК_ГОСТЯ)*(1-$U$5)+S$8*$AC22*(1-$U$5*$U$6)+$AD22*(1-$U$5*$U$7))/ОКРУГЛЕННЯ,0)*ОКРУГЛЕННЯ) | W22: =IF(OR($U$3=0,$A22=""),0,IFERROR(INDEX(БАЗА_RO,MATCH(INDEX(ДОВ_ОПОРА,MATCH($A22,КАТЕГОРІЇ,0)),БАЗА_КАТ,0),$U$3),0)) -> 2930 | X22: =IF(OR($U$3=0,$A22=""),0,IFERROR(INDEX(МНОЖНИКИ,MATCH($A22,МНОЖ_КАТ,0),$U$3),0)) -> 1.09 | Y22: =IF(OR($U$3=0,$A22=""),0,IFERROR(INDEX(МНОЖНИКИ,MATCH($A22,МНОЖ_КАТ,0),$U$3+1),0)) -> 1.0652 | Z22: =IF($A22="",0,IFERROR(INDEX(ДОВ_МАКС,MATCH($A22,КАТЕГОРІЇ,0)),0)) -> 3 | AA22: =IF($A22="",0,IFERROR(INDEX(ДОВ_ВКЛ,MATCH($A22,КАТЕГОРІЇ,0)),0)) -> 2 | AB22: =IF(OR($U$3=0,$U$8=0),0,IFERROR(INDEX(ПАКЕТИ_ЦІНИ,MATCH($U$10&"|Будні",ПАКЕТИ_КЛЮЧ,0),$U$3),0)) -> 0 | AC22: =IF(OR($U$3=0,$U$8=0),0,IFERROR(INDEX(ПАКЕТИ_ЦІНИ,MATCH($U$10&"|Вихідні",ПАКЕТИ_КЛЮЧ,0),$U$3),0)) -> 0 | AD22: =IF(OR($U$3=0,$U$9=0,$A22=""),0,IFERROR(INDEX(SPA_ЦІНИ,MATCH(INDEX(ДОВ_SPA,MATCH($A22,КАТЕГОРІЇ,0)),SPA_РОЛЬ,0),$U$3),0)) -> 400 | AE22: =IF(OR($A22="",W22=0,X22=0,AND($U$8=1,AB22=0),AND($U$9=1,AD22=0)),0,1) -> 1 | AF22: =IF(OR(AE22=0,Y22=0,AND($U$8=1,AC22=0)),0,1) -> 1
A23: =IF('Довідник категорій'!A19="","",'Довідник категорій'!A19) -> Апартаменти з ванною 2-й поверх | B23: =IF($A23="","",IFERROR(INDEX(ДОВ_BOOKING,MATCH($A23,КАТЕГОРІЇ,0)),"")) -> Апартаменти з балконом 45 м² | C23: =IF($A23="","",IFERROR(INDEX(ДОВ_ГРУПА,MATCH($A23,КАТЕГОРІЇ,0)),"")) -> Apartments B | D23: =IF(OR($AE23=0,D$8>$Z23),"",ROUND(((W23*X23+MAX(0,D$8-$AA23)*КРОК_ГОСТЯ)*(1-$U$5)+D$8*$AB23*(1-$U$5*$U$6)+$AD23*(1-$U$5*$U$7))/ОКРУГЛЕННЯ,0)*ОКРУГЛЕННЯ) -> 3594 | E23: =IF(OR($AE23=0,E$8>$Z23),"",ROUND(((W23*X23+MAX(0,E$8-$AA23)*КРОК_ГОСТЯ)*(1-$U$5)+E$8*$AB23*(1-$U$5*$U$6)+$AD23*(1-$U$5*$U$7))/ОКРУГЛЕННЯ,0)*ОКРУГЛЕННЯ) -> 3594 | F23: =IF(OR($AE23=0,F$8>$Z23),"",ROUND(((W23*X23+MAX(0,F$8-$AA23)*КРОК_ГОСТЯ)*(1-$U$5)+F$8*$AB23*(1-$U$5*$U$6)+$AD23*(1-$U$5*$U$7))/ОКРУГЛЕННЯ,0)*ОКРУГЛЕННЯ) -> 4094 | G23: =IF(OR($AE23=0,G$8>$Z23),"",ROUND(((W23*X23+MAX(0,G$8-$AA23)*КРОК_ГОСТЯ)*(1-$U$5)+G$8*$AB23*(1-$U$5*$U$6)+$AD23*(1-$U$5*$U$7))/ОКРУГЛЕННЯ,0)*ОКРУГЛЕННЯ) | H23: =IF(OR($AE23=0,H$8>$Z23),"",ROUND(((W23*X23+MAX(0,H$8-$AA23)*КРОК_ГОСТЯ)*(1-$U$5)+H$8*$AB23*(1-$U$5*$U$6)+$AD23*(1-$U$5*$U$7))/ОКРУГЛЕННЯ,0)*ОКРУГЛЕННЯ) | I23: =IF(OR($AE23=0,I$8>$Z23),"",ROUND(((W23*X23+MAX(0,I$8-$AA23)*КРОК_ГОСТЯ)*(1-$U$5)+I$8*$AB23*(1-$U$5*$U$6)+$AD23*(1-$U$5*$U$7))/ОКРУГЛЕННЯ,0)*ОКРУГЛЕННЯ) | J23: =IF(OR($AE23=0,J$8>$Z23),"",ROUND(((W23*X23+MAX(0,J$8-$AA23)*КРОК_ГОСТЯ)*(1-$U$5)+J$8*$AB23*(1-$U$5*$U$6)+$AD23*(1-$U$5*$U$7))/ОКРУГЛЕННЯ,0)*ОКРУГЛЕННЯ) | K23: =IF(OR($AE23=0,K$8>$Z23),"",ROUND(((W23*X23+MAX(0,K$8-$AA23)*КРОК_ГОСТЯ)*(1-$U$5)+K$8*$AB23*(1-$U$5*$U$6)+$AD23*(1-$U$5*$U$7))/ОКРУГЛЕННЯ,0)*ОКРУГЛЕННЯ) | L23: =IF(OR($AF23=0,L$8>$Z23),"",ROUND(((W23*X23*Y23+MAX(0,L$8-$AA23)*КРОК_ГОСТЯ)*(1-$U$5)+L$8*$AC23*(1-$U$5*$U$6)+$AD23*(1-$U$5*$U$7))/ОКРУГЛЕННЯ,0)*ОКРУГЛЕННЯ) -> 3802 | M23: =IF(OR($AF23=0,M$8>$Z23),"",ROUND(((W23*X23*Y23+MAX(0,M$8-$AA23)*КРОК_ГОСТЯ)*(1-$U$5)+M$8*$AC23*(1-$U$5*$U$6)+$AD23*(1-$U$5*$U$7))/ОКРУГЛЕННЯ,0)*ОКРУГЛЕННЯ) -> 3802 | N23: =IF(OR($AF23=0,N$8>$Z23),"",ROUND(((W23*X23*Y23+MAX(0,N$8-$AA23)*КРОК_ГОСТЯ)*(1-$U$5)+N$8*$AC23*(1-$U$5*$U$6)+$AD23*(1-$U$5*$U$7))/ОКРУГЛЕННЯ,0)*ОКРУГЛЕННЯ) -> 4302 | O23: =IF(OR($AF23=0,O$8>$Z23),"",ROUND(((W23*X23*Y23+MAX(0,O$8-$AA23)*КРОК_ГОСТЯ)*(1-$U$5)+O$8*$AC23*(1-$U$5*$U$6)+$AD23*(1-$U$5*$U$7))/ОКРУГЛЕННЯ,0)*ОКРУГЛЕННЯ) | P23: =IF(OR($AF23=0,P$8>$Z23),"",ROUND(((W23*X23*Y23+MAX(0,P$8-$AA23)*КРОК_ГОСТЯ)*(1-$U$5)+P$8*$AC23*(1-$U$5*$U$6)+$AD23*(1-$U$5*$U$7))/ОКРУГЛЕННЯ,0)*ОКРУГЛЕННЯ) | Q23: =IF(OR($AF23=0,Q$8>$Z23),"",ROUND(((W23*X23*Y23+MAX(0,Q$8-$AA23)*КРОК_ГОСТЯ)*(1-$U$5)+Q$8*$AC23*(1-$U$5*$U$6)+$AD23*(1-$U$5*$U$7))/ОКРУГЛЕННЯ,0)*ОКРУГЛЕННЯ) | R23: =IF(OR($AF23=0,R$8>$Z23),"",ROUND(((W23*X23*Y23+MAX(0,R$8-$AA23)*КРОК_ГОСТЯ)*(1-$U$5)+R$8*$AC23*(1-$U$5*$U$6)+$AD23*(1-$U$5*$U$7))/ОКРУГЛЕННЯ,0)*ОКРУГЛЕННЯ) | S23: =IF(OR($AF23=0,S$8>$Z23),"",ROUND(((W23*X23*Y23+MAX(0,S$8-$AA23)*КРОК_ГОСТЯ)*(1-$U$5)+S$8*$AC23*(1-$U$5*$U$6)+$AD23*(1-$U$5*$U$7))/ОКРУГЛЕННЯ,0)*ОКРУГЛЕННЯ) | W23: =IF(OR($U$3=0,$A23=""),0,IFERROR(INDEX(БАЗА_RO,MATCH(INDEX(ДОВ_ОПОРА,MATCH($A23,КАТЕГОРІЇ,0)),БАЗА_КАТ,0),$U$3),0)) -> 2930 | X23: =IF(OR($U$3=0,$A23=""),0,IFERROR(INDEX(МНОЖНИКИ,MATCH($A23,МНОЖ_КАТ,0),$U$3),0)) -> 1.09 | Y23: =IF(OR($U$3=0,$A23=""),0,IFERROR(INDEX(МНОЖНИКИ,MATCH($A23,МНОЖ_КАТ,0),$U$3+1),0)) -> 1.0652 | Z23: =IF($A23="",0,IFERROR(INDEX(ДОВ_МАКС,MATCH($A23,КАТЕГОРІЇ,0)),0)) -> 3 | AA23: =IF($A23="",0,IFERROR(INDEX(ДОВ_ВКЛ,MATCH($A23,КАТЕГОРІЇ,0)),0)) -> 2 | AB23: =IF(OR($U$3=0,$U$8=0),0,IFERROR(INDEX(ПАКЕТИ_ЦІНИ,MATCH($U$10&"|Будні",ПАКЕТИ_КЛЮЧ,0),$U$3),0)) -> 0 | AC23: =IF(OR($U$3=0,$U$8=0),0,IFERROR(INDEX(ПАКЕТИ_ЦІНИ,MATCH($U$10&"|Вихідні",ПАКЕТИ_КЛЮЧ,0),$U$3),0)) -> 0 | AD23: =IF(OR($U$3=0,$U$9=0,$A23=""),0,IFERROR(INDEX(SPA_ЦІНИ,MATCH(INDEX(ДОВ_SPA,MATCH($A23,КАТЕГОРІЇ,0)),SPA_РОЛЬ,0),$U$3),0)) -> 400 | AE23: =IF(OR($A23="",W23=0,X23=0,AND($U$8=1,AB23=0),AND($U$9=1,AD23=0)),0,1) -> 1 | AF23: =IF(OR(AE23=0,Y23=0,AND($U$8=1,AC23=0)),0,1) -> 1
A24: =IF('Довідник категорій'!A20="","",'Довідник категорій'!A20) -> Апартаменти 2-х місні стандартні | B24: =IF($A24="","",IFERROR(INDEX(ДОВ_BOOKING,MATCH($A24,КАТЕГОРІЇ,0)),"")) -> Апартаменти з балконом 40 м² | C24: =IF($A24="","",IFERROR(INDEX(ДОВ_ГРУПА,MATCH($A24,КАТЕГОРІЇ,0)),"")) -> Apartments B | D24: =IF(OR($AE24=0,D$8>$Z24),"",ROUND(((W24*X24+MAX(0,D$8-$AA24)*КРОК_ГОСТЯ)*(1-$U$5)+D$8*$AB24*(1-$U$5*$U$6)+$AD24*(1-$U$5*$U$7))/ОКРУГЛЕННЯ,0)*ОКРУГЛЕННЯ) -> 3594 | E24: =IF(OR($AE24=0,E$8>$Z24),"",ROUND(((W24*X24+MAX(0,E$8-$AA24)*КРОК_ГОСТЯ)*(1-$U$5)+E$8*$AB24*(1-$U$5*$U$6)+$AD24*(1-$U$5*$U$7))/ОКРУГЛЕННЯ,0)*ОКРУГЛЕННЯ) -> 3594 | F24: =IF(OR($AE24=0,F$8>$Z24),"",ROUND(((W24*X24+MAX(0,F$8-$AA24)*КРОК_ГОСТЯ)*(1-$U$5)+F$8*$AB24*(1-$U$5*$U$6)+$AD24*(1-$U$5*$U$7))/ОКРУГЛЕННЯ,0)*ОКРУГЛЕННЯ) -> 4094 | G24: =IF(OR($AE24=0,G$8>$Z24),"",ROUND(((W24*X24+MAX(0,G$8-$AA24)*КРОК_ГОСТЯ)*(1-$U$5)+G$8*$AB24*(1-$U$5*$U$6)+$AD24*(1-$U$5*$U$7))/ОКРУГЛЕННЯ,0)*ОКРУГЛЕННЯ) | H24: =IF(OR($AE24=0,H$8>$Z24),"",ROUND(((W24*X24+MAX(0,H$8-$AA24)*КРОК_ГОСТЯ)*(1-$U$5)+H$8*$AB24*(1-$U$5*$U$6)+$AD24*(1-$U$5*$U$7))/ОКРУГЛЕННЯ,0)*ОКРУГЛЕННЯ) | I24: =IF(OR($AE24=0,I$8>$Z24),"",ROUND(((W24*X24+MAX(0,I$8-$AA24)*КРОК_ГОСТЯ)*(1-$U$5)+I$8*$AB24*(1-$U$5*$U$6)+$AD24*(1-$U$5*$U$7))/ОКРУГЛЕННЯ,0)*ОКРУГЛЕННЯ) | J24: =IF(OR($AE24=0,J$8>$Z24),"",ROUND(((W24*X24+MAX(0,J$8-$AA24)*КРОК_ГОСТЯ)*(1-$U$5)+J$8*$AB24*(1-$U$5*$U$6)+$AD24*(1-$U$5*$U$7))/ОКРУГЛЕННЯ,0)*ОКРУГЛЕННЯ) | K24: =IF(OR($AE24=0,K$8>$Z24),"",ROUND(((W24*X24+MAX(0,K$8-$AA24)*КРОК_ГОСТЯ)*(1-$U$5)+K$8*$AB24*(1-$U$5*$U$6)+$AD24*(1-$U$5*$U$7))/ОКРУГЛЕННЯ,0)*ОКРУГЛЕННЯ) | L24: =IF(OR($AF24=0,L$8>$Z24),"",ROUND(((W24*X24*Y24+MAX(0,L$8-$AA24)*КРОК_ГОСТЯ)*(1-$U$5)+L$8*$AC24*(1-$U$5*$U$6)+$AD24*(1-$U$5*$U$7))/ОКРУГЛЕННЯ,0)*ОКРУГЛЕННЯ) -> 3802 | M24: =IF(OR($AF24=0,M$8>$Z24),"",ROUND(((W24*X24*Y24+MAX(0,M$8-$AA24)*КРОК_ГОСТЯ)*(1-$U$5)+M$8*$AC24*(1-$U$5*$U$6)+$AD24*(1-$U$5*$U$7))/ОКРУГЛЕННЯ,0)*ОКРУГЛЕННЯ) -> 3802 | N24: =IF(OR($AF24=0,N$8>$Z24),"",ROUND(((W24*X24*Y24+MAX(0,N$8-$AA24)*КРОК_ГОСТЯ)*(1-$U$5)+N$8*$AC24*(1-$U$5*$U$6)+$AD24*(1-$U$5*$U$7))/ОКРУГЛЕННЯ,0)*ОКРУГЛЕННЯ) -> 4302 | O24: =IF(OR($AF24=0,O$8>$Z24),"",ROUND(((W24*X24*Y24+MAX(0,O$8-$AA24)*КРОК_ГОСТЯ)*(1-$U$5)+O$8*$AC24*(1-$U$5*$U$6)+$AD24*(1-$U$5*$U$7))/ОКРУГЛЕННЯ,0)*ОКРУГЛЕННЯ) | P24: =IF(OR($AF24=0,P$8>$Z24),"",ROUND(((W24*X24*Y24+MAX(0,P$8-$AA24)*КРОК_ГОСТЯ)*(1-$U$5)+P$8*$AC24*(1-$U$5*$U$6)+$AD24*(1-$U$5*$U$7))/ОКРУГЛЕННЯ,0)*ОКРУГЛЕННЯ) | Q24: =IF(OR($AF24=0,Q$8>$Z24),"",ROUND(((W24*X24*Y24+MAX(0,Q$8-$AA24)*КРОК_ГОСТЯ)*(1-$U$5)+Q$8*$AC24*(1-$U$5*$U$6)+$AD24*(1-$U$5*$U$7))/ОКРУГЛЕННЯ,0)*ОКРУГЛЕННЯ) | R24: =IF(OR($AF24=0,R$8>$Z24),"",ROUND(((W24*X24*Y24+MAX(0,R$8-$AA24)*КРОК_ГОСТЯ)*(1-$U$5)+R$8*$AC24*(1-$U$5*$U$6)+$AD24*(1-$U$5*$U$7))/ОКРУГЛЕННЯ,0)*ОКРУГЛЕННЯ) | S24: =IF(OR($AF24=0,S$8>$Z24),"",ROUND(((W24*X24*Y24+MAX(0,S$8-$AA24)*КРОК_ГОСТЯ)*(1-$U$5)+S$8*$AC24*(1-$U$5*$U$6)+$AD24*(1-$U$5*$U$7))/ОКРУГЛЕННЯ,0)*ОКРУГЛЕННЯ) | W24: =IF(OR($U$3=0,$A24=""),0,IFERROR(INDEX(БАЗА_RO,MATCH(INDEX(ДОВ_ОПОРА,MATCH($A24,КАТЕГОРІЇ,0)),БАЗА_КАТ,0),$U$3),0)) -> 2930 | X24: =IF(OR($U$3=0,$A24=""),0,IFERROR(INDEX(МНОЖНИКИ,MATCH($A24,МНОЖ_КАТ,0),$U$3),0)) -> 1.09 | Y24: =IF(OR($U$3=0,$A24=""),0,IFERROR(INDEX(МНОЖНИКИ,MATCH($A24,МНОЖ_КАТ,0),$U$3+1),0)) -> 1.0652 | Z24: =IF($A24="",0,IFERROR(INDEX(ДОВ_МАКС,MATCH($A24,КАТЕГОРІЇ,0)),0)) -> 3 | AA24: =IF($A24="",0,IFERROR(INDEX(ДОВ_ВКЛ,MATCH($A24,КАТЕГОРІЇ,0)),0)) -> 2 | AB24: =IF(OR($U$3=0,$U$8=0),0,IFERROR(INDEX(ПАКЕТИ_ЦІНИ,MATCH($U$10&"|Будні",ПАКЕТИ_КЛЮЧ,0),$U$3),0)) -> 0 | AC24: =IF(OR($U$3=0,$U$8=0),0,IFERROR(INDEX(ПАКЕТИ_ЦІНИ,MATCH($U$10&"|Вихідні",ПАКЕТИ_КЛЮЧ,0),$U$3),0)) -> 0 | AD24: =IF(OR($U$3=0,$U$9=0,$A24=""),0,IFERROR(INDEX(SPA_ЦІНИ,MATCH(INDEX(ДОВ_SPA,MATCH($A24,КАТЕГОРІЇ,0)),SPA_РОЛЬ,0),$U$3),0)) -> 400 | AE24: =IF(OR($A24="",W24=0,X24=0,AND($U$8=1,AB24=0),AND($U$9=1,AD24=0)),0,1) -> 1 | AF24: =IF(OR(AE24=0,Y24=0,AND($U$8=1,AC24=0)),0,1) -> 1
A25: =IF('Довідник категорій'!A21="","",'Довідник категорій'!A21) -> Апартаменти 3-й поверх | B25: =IF($A25="","",IFERROR(INDEX(ДОВ_BOOKING,MATCH($A25,КАТЕГОРІЇ,0)),"")) -> Апартаменти з видом на гори 50 м² | C25: =IF($A25="","",IFERROR(INDEX(ДОВ_ГРУПА,MATCH($A25,КАТЕГОРІЇ,0)),"")) -> Apartments B | D25: =IF(OR($AE25=0,D$8>$Z25),"",ROUND(((W25*X25+MAX(0,D$8-$AA25)*КРОК_ГОСТЯ)*(1-$U$5)+D$8*$AB25*(1-$U$5*$U$6)+$AD25*(1-$U$5*$U$7))/ОКРУГЛЕННЯ,0)*ОКРУГЛЕННЯ) -> 3594 | E25: =IF(OR($AE25=0,E$8>$Z25),"",ROUND(((W25*X25+MAX(0,E$8-$AA25)*КРОК_ГОСТЯ)*(1-$U$5)+E$8*$AB25*(1-$U$5*$U$6)+$AD25*(1-$U$5*$U$7))/ОКРУГЛЕННЯ,0)*ОКРУГЛЕННЯ) -> 3594 | F25: =IF(OR($AE25=0,F$8>$Z25),"",ROUND(((W25*X25+MAX(0,F$8-$AA25)*КРОК_ГОСТЯ)*(1-$U$5)+F$8*$AB25*(1-$U$5*$U$6)+$AD25*(1-$U$5*$U$7))/ОКРУГЛЕННЯ,0)*ОКРУГЛЕННЯ) -> 4094 | G25: =IF(OR($AE25=0,G$8>$Z25),"",ROUND(((W25*X25+MAX(0,G$8-$AA25)*КРОК_ГОСТЯ)*(1-$U$5)+G$8*$AB25*(1-$U$5*$U$6)+$AD25*(1-$U$5*$U$7))/ОКРУГЛЕННЯ,0)*ОКРУГЛЕННЯ) | H25: =IF(OR($AE25=0,H$8>$Z25),"",ROUND(((W25*X25+MAX(0,H$8-$AA25)*КРОК_ГОСТЯ)*(1-$U$5)+H$8*$AB25*(1-$U$5*$U$6)+$AD25*(1-$U$5*$U$7))/ОКРУГЛЕННЯ,0)*ОКРУГЛЕННЯ) | I25: =IF(OR($AE25=0,I$8>$Z25),"",ROUND(((W25*X25+MAX(0,I$8-$AA25)*КРОК_ГОСТЯ)*(1-$U$5)+I$8*$AB25*(1-$U$5*$U$6)+$AD25*(1-$U$5*$U$7))/ОКРУГЛЕННЯ,0)*ОКРУГЛЕННЯ) | J25: =IF(OR($AE25=0,J$8>$Z25),"",ROUND(((W25*X25+MAX(0,J$8-$AA25)*КРОК_ГОСТЯ)*(1-$U$5)+J$8*$AB25*(1-$U$5*$U$6)+$AD25*(1-$U$5*$U$7))/ОКРУГЛЕННЯ,0)*ОКРУГЛЕННЯ) | K25: =IF(OR($AE25=0,K$8>$Z25),"",ROUND(((W25*X25+MAX(0,K$8-$AA25)*КРОК_ГОСТЯ)*(1-$U$5)+K$8*$AB25*(1-$U$5*$U$6)+$AD25*(1-$U$5*$U$7))/ОКРУГЛЕННЯ,0)*ОКРУГЛЕННЯ) | L25: =IF(OR($AF25=0,L$8>$Z25),"",ROUND(((W25*X25*Y25+MAX(0,L$8-$AA25)*КРОК_ГОСТЯ)*(1-$U$5)+L$8*$AC25*(1-$U$5*$U$6)+$AD25*(1-$U$5*$U$7))/ОКРУГЛЕННЯ,0)*ОКРУГЛЕННЯ) -> 3802 | M25: =IF(OR($AF25=0,M$8>$Z25),"",ROUND(((W25*X25*Y25+MAX(0,M$8-$AA25)*КРОК_ГОСТЯ)*(1-$U$5)+M$8*$AC25*(1-$U$5*$U$6)+$AD25*(1-$U$5*$U$7))/ОКРУГЛЕННЯ,0)*ОКРУГЛЕННЯ) -> 3802 | N25: =IF(OR($AF25=0,N$8>$Z25),"",ROUND(((W25*X25*Y25+MAX(0,N$8-$AA25)*КРОК_ГОСТЯ)*(1-$U$5)+N$8*$AC25*(1-$U$5*$U$6)+$AD25*(1-$U$5*$U$7))/ОКРУГЛЕННЯ,0)*ОКРУГЛЕННЯ) -> 4302 | O25: =IF(OR($AF25=0,O$8>$Z25),"",ROUND(((W25*X25*Y25+MAX(0,O$8-$AA25)*КРОК_ГОСТЯ)*(1-$U$5)+O$8*$AC25*(1-$U$5*$U$6)+$AD25*(1-$U$5*$U$7))/ОКРУГЛЕННЯ,0)*ОКРУГЛЕННЯ) | P25: =IF(OR($AF25=0,P$8>$Z25),"",ROUND(((W25*X25*Y25+MAX(0,P$8-$AA25)*КРОК_ГОСТЯ)*(1-$U$5)+P$8*$AC25*(1-$U$5*$U$6)+$AD25*(1-$U$5*$U$7))/ОКРУГЛЕННЯ,0)*ОКРУГЛЕННЯ) | Q25: =IF(OR($AF25=0,Q$8>$Z25),"",ROUND(((W25*X25*Y25+MAX(0,Q$8-$AA25)*КРОК_ГОСТЯ)*(1-$U$5)+Q$8*$AC25*(1-$U$5*$U$6)+$AD25*(1-$U$5*$U$7))/ОКРУГЛЕННЯ,0)*ОКРУГЛЕННЯ) | R25: =IF(OR($AF25=0,R$8>$Z25),"",ROUND(((W25*X25*Y25+MAX(0,R$8-$AA25)*КРОК_ГОСТЯ)*(1-$U$5)+R$8*$AC25*(1-$U$5*$U$6)+$AD25*(1-$U$5*$U$7))/ОКРУГЛЕННЯ,0)*ОКРУГЛЕННЯ) | S25: =IF(OR($AF25=0,S$8>$Z25),"",ROUND(((W25*X25*Y25+MAX(0,S$8-$AA25)*КРОК_ГОСТЯ)*(1-$U$5)+S$8*$AC25*(1-$U$5*$U$6)+$AD25*(1-$U$5*$U$7))/ОКРУГЛЕННЯ,0)*ОКРУГЛЕННЯ) | W25: =IF(OR($U$3=0,$A25=""),0,IFERROR(INDEX(БАЗА_RO,MATCH(INDEX(ДОВ_ОПОРА,MATCH($A25,КАТЕГОРІЇ,0)),БАЗА_КАТ,0),$U$3),0)) -> 2930 | X25: =IF(OR($U$3=0,$A25=""),0,IFERROR(INDEX(МНОЖНИКИ,MATCH($A25,МНОЖ_КАТ,0),$U$3),0)) -> 1.09 | Y25: =IF(OR($U$3=0,$A25=""),0,IFERROR(INDEX(МНОЖНИКИ,MATCH($A25,МНОЖ_КАТ,0),$U$3+1),0)) -> 1.0652 | Z25: =IF($A25="",0,IFERROR(INDEX(ДОВ_МАКС,MATCH($A25,КАТЕГОРІЇ,0)),0)) -> 3 | AA25: =IF($A25="",0,IFERROR(INDEX(ДОВ_ВКЛ,MATCH($A25,КАТЕГОРІЇ,0)),0)) -> 2 | AB25: =IF(OR($U$3=0,$U$8=0),0,IFERROR(INDEX(ПАКЕТИ_ЦІНИ,MATCH($U$10&"|Будні",ПАКЕТИ_КЛЮЧ,0),$U$3),0)) -> 0 | AC25: =IF(OR($U$3=0,$U$8=0),0,IFERROR(INDEX(ПАКЕТИ_ЦІНИ,MATCH($U$10&"|Вихідні",ПАКЕТИ_КЛЮЧ,0),$U$3),0)) -> 0 | AD25: =IF(OR($U$3=0,$U$9=0,$A25=""),0,IFERROR(INDEX(SPA_ЦІНИ,MATCH(INDEX(ДОВ_SPA,MATCH($A25,КАТЕГОРІЇ,0)),SPA_РОЛЬ,0),$U$3),0)) -> 400 | AE25: =IF(OR($A25="",W25=0,X25=0,AND($U$8=1,AB25=0),AND($U$9=1,AD25=0)),0,1) -> 1 | AF25: =IF(OR(AE25=0,Y25=0,AND($U$8=1,AC25=0)),0,1) -> 1
A26: =IF('Довідник категорій'!A22="","",'Довідник категорій'!A22) -> Апартаменти президентські | B26: =IF($A26="","",IFERROR(INDEX(ДОВ_BOOKING,MATCH($A26,КАТЕГОРІЇ,0)),"")) -> Дворівневі апартаменти 60 м² | C26: =IF($A26="","",IFERROR(INDEX(ДОВ_ГРУПА,MATCH($A26,КАТЕГОРІЇ,0)),"")) -> Apartments B | D26: =IF(OR($AE26=0,D$8>$Z26),"",ROUND(((W26*X26+MAX(0,D$8-$AA26)*КРОК_ГОСТЯ)*(1-$U$5)+D$8*$AB26*(1-$U$5*$U$6)+$AD26*(1-$U$5*$U$7))/ОКРУГЛЕННЯ,0)*ОКРУГЛЕННЯ) -> 5000 | E26: =IF(OR($AE26=0,E$8>$Z26),"",ROUND(((W26*X26+MAX(0,E$8-$AA26)*КРОК_ГОСТЯ)*(1-$U$5)+E$8*$AB26*(1-$U$5*$U$6)+$AD26*(1-$U$5*$U$7))/ОКРУГЛЕННЯ,0)*ОКРУГЛЕННЯ) -> 5000 | F26: =IF(OR($AE26=0,F$8>$Z26),"",ROUND(((W26*X26+MAX(0,F$8-$AA26)*КРОК_ГОСТЯ)*(1-$U$5)+F$8*$AB26*(1-$U$5*$U$6)+$AD26*(1-$U$5*$U$7))/ОКРУГЛЕННЯ,0)*ОКРУГЛЕННЯ) -> 5500 | G26: =IF(OR($AE26=0,G$8>$Z26),"",ROUND(((W26*X26+MAX(0,G$8-$AA26)*КРОК_ГОСТЯ)*(1-$U$5)+G$8*$AB26*(1-$U$5*$U$6)+$AD26*(1-$U$5*$U$7))/ОКРУГЛЕННЯ,0)*ОКРУГЛЕННЯ) | H26: =IF(OR($AE26=0,H$8>$Z26),"",ROUND(((W26*X26+MAX(0,H$8-$AA26)*КРОК_ГОСТЯ)*(1-$U$5)+H$8*$AB26*(1-$U$5*$U$6)+$AD26*(1-$U$5*$U$7))/ОКРУГЛЕННЯ,0)*ОКРУГЛЕННЯ) | I26: =IF(OR($AE26=0,I$8>$Z26),"",ROUND(((W26*X26+MAX(0,I$8-$AA26)*КРОК_ГОСТЯ)*(1-$U$5)+I$8*$AB26*(1-$U$5*$U$6)+$AD26*(1-$U$5*$U$7))/ОКРУГЛЕННЯ,0)*ОКРУГЛЕННЯ) | J26: =IF(OR($AE26=0,J$8>$Z26),"",ROUND(((W26*X26+MAX(0,J$8-$AA26)*КРОК_ГОСТЯ)*(1-$U$5)+J$8*$AB26*(1-$U$5*$U$6)+$AD26*(1-$U$5*$U$7))/ОКРУГЛЕННЯ,0)*ОКРУГЛЕННЯ) | K26: =IF(OR($AE26=0,K$8>$Z26),"",ROUND(((W26*X26+MAX(0,K$8-$AA26)*КРОК_ГОСТЯ)*(1-$U$5)+K$8*$AB26*(1-$U$5*$U$6)+$AD26*(1-$U$5*$U$7))/ОКРУГЛЕННЯ,0)*ОКРУГЛЕННЯ) | L26: =IF(OR($AF26=0,L$8>$Z26),"",ROUND(((W26*X26*Y26+MAX(0,L$8-$AA26)*КРОК_ГОСТЯ)*(1-$U$5)+L$8*$AC26*(1-$U$5*$U$6)+$AD26*(1-$U$5*$U$7))/ОКРУГЛЕННЯ,0)*ОКРУГЛЕННЯ) -> 5276 | M26: =IF(OR($AF26=0,M$8>$Z26),"",ROUND(((W26*X26*Y26+MAX(0,M$8-$AA26)*КРОК_ГОСТЯ)*(1-$U$5)+M$8*$AC26*(1-$U$5*$U$6)+$AD26*(1-$U$5*$U$7))/ОКРУГЛЕННЯ,0)*ОКРУГЛЕННЯ) -> 5276 | N26: =IF(OR($AF26=0,N$8>$Z26),"",ROUND(((W26*X26*Y26+MAX(0,N$8-$AA26)*КРОК_ГОСТЯ)*(1-$U$5)+N$8*$AC26*(1-$U$5*$U$6)+$AD26*(1-$U$5*$U$7))/ОКРУГЛЕННЯ,0)*ОКРУГЛЕННЯ) -> 5776 | O26: =IF(OR($AF26=0,O$8>$Z26),"",ROUND(((W26*X26*Y26+MAX(0,O$8-$AA26)*КРОК_ГОСТЯ)*(1-$U$5)+O$8*$AC26*(1-$U$5*$U$6)+$AD26*(1-$U$5*$U$7))/ОКРУГЛЕННЯ,0)*ОКРУГЛЕННЯ) | P26: =IF(OR($AF26=0,P$8>$Z26),"",ROUND(((W26*X26*Y26+MAX(0,P$8-$AA26)*КРОК_ГОСТЯ)*(1-$U$5)+P$8*$AC26*(1-$U$5*$U$6)+$AD26*(1-$U$5*$U$7))/ОКРУГЛЕННЯ,0)*ОКРУГЛЕННЯ) | Q26: =IF(OR($AF26=0,Q$8>$Z26),"",ROUND(((W26*X26*Y26+MAX(0,Q$8-$AA26)*КРОК_ГОСТЯ)*(1-$U$5)+Q$8*$AC26*(1-$U$5*$U$6)+$AD26*(1-$U$5*$U$7))/ОКРУГЛЕННЯ,0)*ОКРУГЛЕННЯ) | R26: =IF(OR($AF26=0,R$8>$Z26),"",ROUND(((W26*X26*Y26+MAX(0,R$8-$AA26)*КРОК_ГОСТЯ)*(1-$U$5)+R$8*$AC26*(1-$U$5*$U$6)+$AD26*(1-$U$5*$U$7))/ОКРУГЛЕННЯ,0)*ОКРУГЛЕННЯ) | S26: =IF(OR($AF26=0,S$8>$Z26),"",ROUND(((W26*X26*Y26+MAX(0,S$8-$AA26)*КРОК_ГОСТЯ)*(1-$U$5)+S$8*$AC26*(1-$U$5*$U$6)+$AD26*(1-$U$5*$U$7))/ОКРУГЛЕННЯ,0)*ОКРУГЛЕННЯ) | W26: =IF(OR($U$3=0,$A26=""),0,IFERROR(INDEX(БАЗА_RO,MATCH(INDEX(ДОВ_ОПОРА,MATCH($A26,КАТЕГОРІЇ,0)),БАЗА_КАТ,0),$U$3),0)) -> 2930 | X26: =IF(OR($U$3=0,$A26=""),0,IFERROR(INDEX(МНОЖНИКИ,MATCH($A26,МНОЖ_КАТ,0),$U$3),0)) -> 1.57 | Y26: =IF(OR($U$3=0,$A26=""),0,IFERROR(INDEX(МНОЖНИКИ,MATCH($A26,МНОЖ_КАТ,0),$U$3+1),0)) -> 1.06 | Z26: =IF($A26="",0,IFERROR(INDEX(ДОВ_МАКС,MATCH($A26,КАТЕГОРІЇ,0)),0)) -> 3 | AA26: =IF($A26="",0,IFERROR(INDEX(ДОВ_ВКЛ,MATCH($A26,КАТЕГОРІЇ,0)),0)) -> 2 | AB26: =IF(OR($U$3=0,$U$8=0),0,IFERROR(INDEX(ПАКЕТИ_ЦІНИ,MATCH($U$10&"|Будні",ПАКЕТИ_КЛЮЧ,0),$U$3),0)) -> 0 | AC26: =IF(OR($U$3=0,$U$8=0),0,IFERROR(INDEX(ПАКЕТИ_ЦІНИ,MATCH($U$10&"|Вихідні",ПАКЕТИ_КЛЮЧ,0),$U$3),0)) -> 0 | AD26: =IF(OR($U$3=0,$U$9=0,$A26=""),0,IFERROR(INDEX(SPA_ЦІНИ,MATCH(INDEX(ДОВ_SPA,MATCH($A26,КАТЕГОРІЇ,0)),SPA_РОЛЬ,0),$U$3),0)) -> 400 | AE26: =IF(OR($A26="",W26=0,X26=0,AND($U$8=1,AB26=0),AND($U$9=1,AD26=0)),0,1) -> 1 | AF26: =IF(OR(AE26=0,Y26=0,AND($U$8=1,AC26=0)),0,1) -> 1

Sheet Калькулятор
A1: КАЛЬКУЛЯТОР ВАРТОСТІ БРОНЮВАННЯ — BUKOVEL | U1: ТЕХНІЧНІ ДАНІ — НЕ РЕДАГУВАТИ
A3: Заповнюйте лише жовті клітинки. Калькулятор рахує тією самою формулою, що й лист «Прайс» (одне округлення в кінці), але додатково розділяє дорослих і дітей. Поле «Дата заїзду» необовʼязкове — воно лише підказує прайс-лист і тип дня. | U3: =IFERROR(MATCH($B$6,ПЛ_РЯДОК,0),0) -> 5 | V3: колонка прайс-листа
A5: ВХІДНІ ПАРАМЕТРИ | D5: РОЗРАХУНОК
A6: Активний прайс-лист | B6: =Прайс!$B$3 -> Осінь 2026 (00-10%) | D6: Статус | F6: =IF(OR($B$6="",$B$8="",$U$3=0,F7<F8,F7>F10,F11=0,F12=0,AND($B$9="Вихідні",F13=0),AND($U$8=1,OR(AND($B$10>0,F18=0),AND($B$11>0,F19=0))),AND($U$9=1,F20=0)),"ПЕРЕВІРТЕ ПАРАМЕТРИ","OK") -> OK
A7: Тариф (знижка) | B7: Rack Rate | D7: Усього гостей | F7: =$B$10+$B$11 -> 2
A8: Категорія | B8: Шале преміум | D8: Мін. гостей | F8: =IFERROR(INDEX(ДОВ_МІН,MATCH($B$8,КАТЕГОРІЇ,0)),0) -> 1 | U8: =IF(OR($B$12="BB",$B$12="BBSPA",$B$12="ROSPABB"),1,0) -> 0 | V8: потрібен пакет
A9: Тип дня | B9: Будні | D9: Включено в базову ціну | F9: =IFERROR(INDEX(ДОВ_ВКЛ,MATCH($B$8,КАТЕГОРІЇ,0)),0) -> 2 | U9: =IF(OR($B$12="ROSPA",$B$12="ROSPABB"),1,0) -> 0 | V9: потрібен SPA
A10: Дорослих | B10: 2 | D10: Макс. гостей | F10: =IFERROR(INDEX(ДОВ_МАКС,MATCH($B$8,КАТЕГОРІЇ,0)),0) -> 6 | U10: =IF($U$8=0,"",IF($B$12="ROSPABB","BB",$B$12)) | V10: ключ пакета
A11: Дітей | B11: 0 | D11: RO будні 1–2, грн (без округлення) | F11: =IF($U$3=0,0,IFERROR(INDEX(БАЗА_RO,MATCH(INDEX(ДОВ_ОПОРА,MATCH($B$8,КАТЕГОРІЇ,0)),БАЗА_КАТ,0),$U$3)*INDEX(МНОЖНИКИ,MATCH($B$8,МНОЖ_КАТ,0),$U$3),0)) -> 6909
A12: Пакет | B12: RO | D12: Множник ціни | F12: =IF($U$3=0,0,IFERROR(INDEX(МНОЖНИКИ,MATCH($B$8,МНОЖ_КАТ,0),$U$3),0)) -> 1.05
A13: Кількість тварин | B13: 0 | D13: Множник вихідних | F13: =IF($U$3=0,0,IFERROR(INDEX(МНОЖНИКИ,MATCH($B$8,МНОЖ_КАТ,0),$U$3+1),0)) -> 1.08
A14: Кількість ночей | B14: 1 | D14: Додаткових гостей (понад включених) | F14: =MAX(0,F7-F9) -> 0
A15: Дата заїзду (необовʼязково) | D15: Знижка на проживання | F15: =IF($B$12="BBSPA",ЗНИЖКА_BBSPA,IFERROR(SUMIFS(ТАРИФИ_ЗНИЖКИ,ТАРИФИ_НАЗВИ,$B$7),0)) -> 0
D16: Перемикач: знижка на пакет | F16: =IF($U$3=0,0,IFERROR(INDEX(ПЕРЕМИКАЧІ,IF($B$12="BBSPA",2,1),$U$3),0)) -> 0
D17: Перемикач: знижка на SPA | F17: =IF($U$3=0,0,IFERROR(INDEX(ПЕРЕМИКАЧІ,3,$U$3),0)) -> 0
D18: Пакет, дорослий, грн | F18: =IF(OR($U$3=0,$U$8=0),0,IFERROR(INDEX(ПАКЕТИ_ЦІНИ,MATCH($U$10&"|"&$B$9,ПАКЕТИ_КЛЮЧ,0),$U$3),0)) -> 0
D19: Пакет, дитина, грн | F19: =IF(OR($U$3=0,$U$8=0),0,IFERROR(INDEX(ПАКЕТИ_ЦІНИ,MATCH($U$10&"|"&$B$9,ПАКЕТИ_КЛЮЧ,0),$U$3+1),0)) -> 0
D20: Фіксований SPA-візит, грн | F20: =IF(OR($U$3=0,$U$9=0),0,IFERROR(INDEX(SPA_ЦІНИ,MATCH(INDEX(ДОВ_SPA,MATCH($B$8,КАТЕГОРІЇ,0)),SPA_РОЛЬ,0),$U$3),0)) -> 0
D21: Проживання з тваринами, грн | F21: =$B$13*ТВАРИНИ -> 0
D22: Проживання до знижки, грн | F22: =F11*IF($B$9="Вихідні",F13,1)+F14*КРОК_ГОСТЯ -> 6909
D23: ЦІНА ЗА НІЧ, грн | F23: =IF($F$6<>"OK","",ROUND((F22*(1-F15)+($B$10*F18+$B$11*F19)*(1-F15*F16)+F20*(1-F15*F17)+F21)/ОКРУГЛЕННЯ,0)*ОКРУГЛЕННЯ) -> 6909
D24: ВАРТІСТЬ ПРОЖИВАННЯ, грн | F24: =IF(F23="","",F23*$B$14) -> 6909
D26: ПІДКАЗКА ЗА ДАТОЮ ЗАЇЗДУ
D27: Прайс-лист, що покриває дату | F27: =IF($B$15="","",IFERROR(INDEX(ПРАЙС_ЛИСТИ,SUMPRODUCT(MAX((ПЛ_ДАТА_З<=$B$15)*(ПЛ_ДАТА_ПО>=$B$15)*(ПЛ_СТАТУС="Активний")*(ПРАЙС_ЛИСТИ<>"")*ROW(ПРАЙС_ЛИСТИ)))-5),"— не знайдено —"))
D28: Тип дня за датою | F28: =IF($B$15="","",IF(WEEKDAY($B$15,2)>=ПЕРШИЙ_ВИХІДНИЙ,"Вихідні","Будні"))
D29: Підказка не змінює розрахунок — прайс-лист і тип дня обираються вручну вище.

Sheet Керування прайсом
A1: КЕРУВАННЯ ПРАЙСОМ — PHOENIX RELAX PARK BUKOVEL
A2: Три кроки: 1) додайте прайс-лист у наступному вільному рядку зліва; 2) заповніть його блок праворуч; 3) перевірте результат у листі «Прайс». Жовті клітинки — ввід, решта рахується автоматично. | I2: =IF($A$6="","",$A$6) -> Осінь 2025 | J2: =IF($A$6="","",$A$6) -> Осінь 2025 | K2: =IF($A$7="","",$A$7) -> Осінь 2026 База | L2: =IF($A$7="","",$A$7) -> Осінь 2026 База | M2: =IF($A$8="","",$A$8) -> Осінь 2026 (00-10%) | N2: =IF($A$8="","",$A$8) -> Осінь 2026 (00-10%) | O2: =IF($A$9="","",$A$9) -> Осінь 2026 (Канікули) 0-10% | P2: =IF($A$9="","",$A$9) -> Осінь 2026 (Канікули) 0-10% | Q2: =IF($A$10="","",$A$10) -> Осінь 2026 (10-20%) | R2: =IF($A$10="","",$A$10) -> Осінь 2026 (10-20%) | S2: =IF($A$11="","",$A$11) -> Осінь 2026 (Канікули) 10%-20% | T2: =IF($A$11="","",$A$11) -> Осінь 2026 (Канікули) 10%-20% | U2: =IF($A$12="","",$A$12) -> Осінь 2026 (20-30%) | V2: =IF($A$12="","",$A$12) -> Осінь 2026 (20-30%) | W2: =IF($A$13="","",$A$13) -> Осінь 2026 (Канікули) 20-30% | X2: =IF($A$13="","",$A$13) -> Осінь 2026 (Канікули) 20-30% | Y2: =IF($A$14="","",$A$14) -> Осінь 2026 (30-40%) | Z2: =IF($A$14="","",$A$14) -> Осінь 2026 (30-40%) | AA2: =IF($A$15="","",$A$15) -> Осінь 2026 (Канікули) 30-40% | AB2: =IF($A$15="","",$A$15) -> Осінь 2026 (Канікули) 30-40% | AC2: =IF($A$16="","",$A$16) -> Осінь 2026 (40-50%) | AD2: =IF($A$16="","",$A$16) -> Осінь 2026 (40-50%) | AE2: =IF($A$17="","",$A$17) -> Осінь 2026 (Канікули) 40-50% | AF2: =IF($A$17="","",$A$17) -> Осінь 2026 (Канікули) 40-50% | AG2: =IF($A$18="","",$A$18) -> Осінь 2026 (50-60%) | AH2: =IF($A$18="","",$A$18) -> Осінь 2026 (50-60%) | AI2: =IF($A$19="","",$A$19) -> Осінь 2026 (Канікули) 50-60% | AJ2: =IF($A$19="","",$A$19) -> Осінь 2026 (Канікули) 50-60% | AK2: =IF($A$20="","",$A$20) | AL2: =IF($A$20="","",$A$20) | AM2: =IF($A$21="","",$A$21) | AN2: =IF($A$21="","",$A$21) | AO2: =IF($A$22="","",$A$22) | AP2: =IF($A$22="","",$A$22) | AQ2: =IF($A$23="","",$A$23) | AR2: =IF($A$23="","",$A$23) | AS2: =IF($A$24="","",$A$24) | AT2: =IF($A$24="","",$A$24) | AU2: =IF($A$25="","",$A$25) | AV2: =IF($A$25="","",$A$25) | AW2: =IF($A$26="","",$A$26) | AX2: =IF($A$26="","",$A$26) | AY2: =IF($A$27="","",$A$27) | AZ2: =IF($A$27="","",$A$27) | BA2: =IF($A$28="","",$A$28) | BB2: =IF($A$28="","",$A$28) | BC2: =IF($A$29="","",$A$29) | BD2: =IF($A$29="","",$A$29) | BE2: =IF($A$30="","",$A$30) | BF2: =IF($A$30="","",$A$30) | BG2: =IF($A$31="","",$A$31) | BH2: =IF($A$31="","",$A$31) | BI2: =IF($A$32="","",$A$32) | BJ2: =IF($A$32="","",$A$32) | BK2: =IF($A$33="","",$A$33) | BL2: =IF($A$33="","",$A$33) | BM2: =IF($A$34="","",$A$34) | BN2: =IF($A$34="","",$A$34) | BO2: =IF($A$35="","",$A$35) | BP2: =IF($A$35="","",$A$35) | BQ2: =IF($A$36="","",$A$36) | BR2: =IF($A$36="","",$A$36) | BS2: =IF($A$37="","",$A$37) | BT2: =IF($A$37="","",$A$37) | BU2: =IF($A$38="","",$A$38) | BV2: =IF($A$38="","",$A$38) | BW2: =IF($A$39="","",$A$39) | BX2: =IF($A$39="","",$A$39) | BY2: =IF($A$40="","",$A$40) | BZ2: =IF($A$40="","",$A$40) | CA2: =IF($A$41="","",$A$41) | CB2: =IF($A$41="","",$A$41) | CC2: =IF($A$42="","",$A$42) | CD2: =IF($A$42="","",$A$42) | CE2: =IF($A$43="","",$A$43) | CF2: =IF($A$43="","",$A$43) | CG2: =IF($A$44="","",$A$44) | CH2: =IF($A$44="","",$A$44) | CI2: =IF($A$45="","",$A$45) | CJ2: =IF($A$45="","",$A$45) | CK2: =IF($A$46="","",$A$46) | CL2: =IF($A$46="","",$A$46) | CM2: =IF($A$47="","",$A$47) | CN2: =IF($A$47="","",$A$47) | CO2: =IF($A$48="","",$A$48) | CP2: =IF($A$48="","",$A$48) | CQ2: =IF($A$49="","",$A$49) | CR2: =IF($A$49="","",$A$49) | CS2: =IF($A$50="","",$A$50) | CT2: =IF($A$50="","",$A$50) | CU2: =IF($A$51="","",$A$51) | CV2: =IF($A$51="","",$A$51) | CW2: =IF($A$52="","",$A$52) | CX2: =IF($A$52="","",$A$52) | CY2: =IF($A$53="","",$A$53) | CZ2: =IF($A$53="","",$A$53) | DA2: =IF($A$54="","",$A$54) | DB2: =IF($A$54="","",$A$54) | DC2: =IF($A$55="","",$A$55) | DD2: =IF($A$55="","",$A$55) | DE2: =IF($A$56="","",$A$56) | DF2: =IF($A$56="","",$A$56) | DG2: =IF($A$57="","",$A$57) | DH2: =IF($A$57="","",$A$57) | DI2: =IF($A$58="","",$A$58) | DJ2: =IF($A$58="","",$A$58) | DK2: =IF($A$59="","",$A$59) | DL2: =IF($A$59="","",$A$59) | DM2: =IF($A$60="","",$A$60) | DN2: =IF($A$60="","",$A$60) | DO2: =IF($A$61="","",$A$61) | DP2: =IF($A$61="","",$A$61) | DQ2: =IF($A$62="","",$A$62) | DR2: =IF($A$62="","",$A$62) | DS2: =IF($A$63="","",$A$63) | DT2: =IF($A$63="","",$A$63) | DU2: =IF($A$64="","",$A$64) | DV2: =IF($A$64="","",$A$64) | DW2: =IF($A$65="","",$A$65) | DX2: =IF($A$65="","",$A$65)
A4: 1. ПРАЙС-ЛИСТИ / ПЕРІОДИ | F4: 2. ГЛОБАЛЬНІ ПАРАМЕТРИ
A5: Прайс-лист | B5: Дата з | C5: Дата по | D5: Статус | E5: Примітка / оновлено | F5: Активний прайс-лист (показується у «Прайс») | G5: =Прайс!$B$3 -> Осінь 2026 (00-10%) | H5: ПРАЙС-ЛИСТ | I5: =IF($A$6="","",$A$6) -> Осінь 2025 | K5: =IF($A$7="","",$A$7) -> Осінь 2026 База | M5: =IF($A$8="","",$A$8) -> Осінь 2026 (00-10%) | O5: =IF($A$9="","",$A$9) -> Осінь 2026 (Канікули) 0-10% | Q5: =IF($A$10="","",$A$10) -> Осінь 2026 (10-20%) | S5: =IF($A$11="","",$A$11) -> Осінь 2026 (Канікули) 10%-20% | U5: =IF($A$12="","",$A$12) -> Осінь 2026 (20-30%) | W5: =IF($A$13="","",$A$13) -> Осінь 2026 (Канікули) 20-30% | Y5: =IF($A$14="","",$A$14) -> Осінь 2026 (30-40%) | AA5: =IF($A$15="","",$A$15) -> Осінь 2026 (Канікули) 30-40% | AC5: =IF($A$16="","",$A$16) -> Осінь 2026 (40-50%) | AE5: =IF($A$17="","",$A$17) -> Осінь 2026 (Канікули) 40-50% | AG5: =IF($A$18="","",$A$18) -> Осінь 2026 (50-60%) | AI5: =IF($A$19="","",$A$19) -> Осінь 2026 (Канікули) 50-60% | AK5: =IF($A$20="","",$A$20) | AM5: =IF($A$21="","",$A$21) | AO5: =IF($A$22="","",$A$22) | AQ5: =IF($A$23="","",$A$23) | AS5: =IF($A$24="","",$A$24) | AU5: =IF($A$25="","",$A$25) | AW5: =IF($A$26="","",$A$26) | AY5: =IF($A$27="","",$A$27) | BA5: =IF($A$28="","",$A$28) | BC5: =IF($A$29="","",$A$29) | BE5: =IF($A$30="","",$A$30) | BG5: =IF($A$31="","",$A$31) | BI5: =IF($A$32="","",$A$32) | BK5: =IF($A$33="","",$A$33) | BM5: =IF($A$34="","",$A$34) | BO5: =IF($A$35="","",$A$35) | BQ5: =IF($A$36="","",$A$36) | BS5: =IF($A$37="","",$A$37) | BU5: =IF($A$38="","",$A$38) | BW5: =IF($A$39="","",$A$39) | BY5: =IF($A$40="","",$A$40) | CA5: =IF($A$41="","",$A$41) | CC5: =IF($A$42="","",$A$42) | CE5: =IF($A$43="","",$A$43) | CG5: =IF($A$44="","",$A$44) | CI5: =IF($A$45="","",$A$45) | CK5: =IF($A$46="","",$A$46) | CM5: =IF($A$47="","",$A$47) | CO5: =IF($A$48="","",$A$48) | CQ5: =IF($A$49="","",$A$49) | CS5: =IF($A$50="","",$A$50) | CU5: =IF($A$51="","",$A$51) | CW5: =IF($A$52="","",$A$52) | CY5: =IF($A$53="","",$A$53) | DA5: =IF($A$54="","",$A$54) | DC5: =IF($A$55="","",$A$55) | DE5: =IF($A$56="","",$A$56) | DG5: =IF($A$57="","",$A$57) | DI5: =IF($A$58="","",$A$58) | DK5: =IF($A$59="","",$A$59) | DM5: =IF($A$60="","",$A$60) | DO5: =IF($A$61="","",$A$61) | DQ5: =IF($A$62="","",$A$62) | DS5: =IF($A$63="","",$A$63) | DU5: =IF($A$64="","",$A$64) | DW5: =IF($A$65="","",$A$65)
A6: Осінь 2025 | D6: Чернетка | F6: Крок за 3-го й кожного наступного гостя, грн | G6: 500 | H6: Період дії | I6: =IF($A$6="","",IF(OR($B$6="",$C$6=""),"— період не заданий —",TEXT(DAY($B$6),"00")&"."&TEXT(MONTH($B$6),"00")&"."&YEAR($B$6)&" – "&TEXT(DAY($C$6),"00")&"."&TEXT(MONTH($C$6),"00")&"."&YEAR($C$6))) -> — період не заданий — | K6: =IF($A$7="","",IF(OR($B$7="",$C$7=""),"— період не заданий —",TEXT(DAY($B$7),"00")&"."&TEXT(MONTH($B$7),"00")&"."&YEAR($B$7)&" – "&TEXT(DAY($C$7),"00")&"."&TEXT(MONTH($C$7),"00")&"."&YEAR($C$7))) -> — період не заданий — | M6: =IF($A$8="","",IF(OR($B$8="",$C$8=""),"— період не заданий —",TEXT(DAY($B$8),"00")&"."&TEXT(MONTH($B$8),"00")&"."&YEAR($B$8)&" – "&TEXT(DAY($C$8),"00")&"."&TEXT(MONTH($C$8),"00")&"."&YEAR($C$8))) -> 01.10.2026 – 30.11.2026 | O6: =IF($A$9="","",IF(OR($B$9="",$C$9=""),"— період не заданий —",TEXT(DAY($B$9),"00")&"."&TEXT(MONTH($B$9),"00")&"."&YEAR($B$9)&" – "&TEXT(DAY($C$9),"00")&"."&TEXT(MONTH($C$9),"00")&"."&YEAR($C$9))) -> — період не заданий — | Q6: =IF($A$10="","",IF(OR($B$10="",$C$10=""),"— період не заданий —",TEXT(DAY($B$10),"00")&"."&TEXT(MONTH($B$10),"00")&"."&YEAR($B$10)&" – "&TEXT(DAY($C$10),"00")&"."&TEXT(MONTH($C$10),"00")&"."&YEAR($C$10))) -> 01.09.2026 – 30.09.2026 | S6: =IF($A$11="","",IF(OR($B$11="",$C$11=""),"— період не заданий —",TEXT(DAY($B$11),"00")&"."&TEXT(MONTH($B$11),"00")&"."&YEAR($B$11)&" – "&TEXT(DAY($C$11),"00")&"."&TEXT(MONTH($C$11),"00")&"."&YEAR($C$11))) -> — період не заданий — | U6: =IF($A$12="","",IF(OR($B$12="",$C$12=""),"— період не заданий —",TEXT(DAY($B$12),"00")&"."&TEXT(MONTH($B$12),"00")&"."&YEAR($B$12)&" – "&TEXT(DAY($C$12),"00")&"."&TEXT(MONTH($C$12),"00")&"."&YEAR($C$12))) -> — період не заданий — | W6: =IF($A$13="","",IF(OR($B$13="",$C$13=""),"— період не заданий —",TEXT(DAY($B$13),"00")&"."&TEXT(MONTH($B$13),"00")&"."&YEAR($B$13)&" – "&TEXT(DAY($C$13),"00")&"."&TEXT(MONTH($C$13),"00")&"."&YEAR($C$13))) -> — період не заданий — | Y6: =IF($A$14="","",IF(OR($B$14="",$C$14=""),"— період не заданий —",TEXT(DAY($B$14),"00")&"."&TEXT(MONTH($B$14),"00")&"."&YEAR($B$14)&" – "&TEXT(DAY($C$14),"00")&"."&TEXT(MONTH($C$14),"00")&"."&YEAR($C$14))) -> — період не заданий — | AA6: =IF($A$15="","",IF(OR($B$15="",$C$15=""),"— період не заданий —",TEXT(DAY($B$15),"00")&"."&TEXT(MONTH($B$15),"00")&"."&YEAR($B$15)&" – "&TEXT(DAY($C$15),"00")&"."&TEXT(MONTH($C$15),"00")&"."&YEAR($C$15))) -> — період не заданий — | AC6: =IF($A$16="","",IF(OR($B$16="",$C$16=""),"— період не заданий —",TEXT(DAY($B$16),"00")&"."&TEXT(MONTH($B$16),"00")&"."&YEAR($B$16)&" – "&TEXT(DAY($C$16),"00")&"."&TEXT(MONTH($C$16),"00")&"."&YEAR($C$16))) -> — період не заданий — | AE6: =IF($A$17="","",IF(OR($B$17="",$C$17=""),"— період не заданий —",TEXT(DAY($B$17),"00")&"."&TEXT(MONTH($B$17),"00")&"."&YEAR($B$17)&" – "&TEXT(DAY($C$17),"00")&"."&TEXT(MONTH($C$17),"00")&"."&YEAR($C$17))) -> — період не заданий — | AG6: =IF($A$18="","",IF(OR($B$18="",$C$18=""),"— період не заданий —",TEXT(DAY($B$18),"00")&"."&TEXT(MONTH($B$18),"00")&"."&YEAR($B$18)&" – "&TEXT(DAY($C$18),"00")&"."&TEXT(MONTH($C$18),"00")&"."&YEAR($C$18))) -> — період не заданий — | AI6: =IF($A$19="","",IF(OR($B$19="",$C$19=""),"— період не заданий —",TEXT(DAY($B$19),"00")&"."&TEXT(MONTH($B$19),"00")&"."&YEAR($B$19)&" – "&TEXT(DAY($C$19),"00")&"."&TEXT(MONTH($C$19),"00")&"."&YEAR($C$19))) -> — період не заданий — | AK6: =IF($A$20="","",IF(OR($B$20="",$C$20=""),"— період не заданий —",TEXT(DAY($B$20),"00")&"."&TEXT(MONTH($B$20),"00")&"."&YEAR($B$20)&" – "&TEXT(DAY($C$20),"00")&"."&TEXT(MONTH($C$20),"00")&"."&YEAR($C$20))) | AM6: =IF($A$21="","",IF(OR($B$21="",$C$21=""),"— період не заданий —",TEXT(DAY($B$21),"00")&"."&TEXT(MONTH($B$21),"00")&"."&YEAR($B$21)&" – "&TEXT(DAY($C$21),"00")&"."&TEXT(MONTH($C$21),"00")&"."&YEAR($C$21))) | AO6: =IF($A$22="","",IF(OR($B$22="",$C$22=""),"— період не заданий —",TEXT(DAY($B$22),"00")&"."&TEXT(MONTH($B$22),"00")&"."&YEAR($B$22)&" – "&TEXT(DAY($C$22),"00")&"."&TEXT(MONTH($C$22),"00")&"."&YEAR($C$22))) | AQ6: =IF($A$23="","",IF(OR($B$23="",$C$23=""),"— період не заданий —",TEXT(DAY($B$23),"00")&"."&TEXT(MONTH($B$23),"00")&"."&YEAR($B$23)&" – "&TEXT(DAY($C$23),"00")&"."&TEXT(MONTH($C$23),"00")&"."&YEAR($C$23))) | AS6: =IF($A$24="","",IF(OR($B$24="",$C$24=""),"— період не заданий —",TEXT(DAY($B$24),"00")&"."&TEXT(MONTH($B$24),"00")&"."&YEAR($B$24)&" – "&TEXT(DAY($C$24),"00")&"."&TEXT(MONTH($C$24),"00")&"."&YEAR($C$24))) | AU6: =IF($A$25="","",IF(OR($B$25="",$C$25=""),"— період не заданий —",TEXT(DAY($B$25),"00")&"."&TEXT(MONTH($B$25),"00")&"."&YEAR($B$25)&" – "&TEXT(DAY($C$25),"00")&"."&TEXT(MONTH($C$25),"00")&"."&YEAR($C$25))) | AW6: =IF($A$26="","",IF(OR($B$26="",$C$26=""),"— період не заданий —",TEXT(DAY($B$26),"00")&"."&TEXT(MONTH($B$26),"00")&"."&YEAR($B$26)&" – "&TEXT(DAY($C$26),"00")&"."&TEXT(MONTH($C$26),"00")&"."&YEAR($C$26))) | AY6: =IF($A$27="","",IF(OR($B$27="",$C$27=""),"— період не заданий —",TEXT(DAY($B$27),"00")&"."&TEXT(MONTH($B$27),"00")&"."&YEAR($B$27)&" – "&TEXT(DAY($C$27),"00")&"."&TEXT(MONTH($C$27),"00")&"."&YEAR($C$27))) | BA6: =IF($A$28="","",IF(OR($B$28="",$C$28=""),"— період не заданий —",TEXT(DAY($B$28),"00")&"."&TEXT(MONTH($B$28),"00")&"."&YEAR($B$28)&" – "&TEXT(DAY($C$28),"00")&"."&TEXT(MONTH($C$28),"00")&"."&YEAR($C$28))) | BC6: =IF($A$29="","",IF(OR($B$29="",$C$29=""),"— період не заданий —",TEXT(DAY($B$29),"00")&"."&TEXT(MONTH($B$29),"00")&"."&YEAR($B$29)&" – "&TEXT(DAY($C$29),"00")&"."&TEXT(MONTH($C$29),"00")&"."&YEAR($C$29))) | BE6: =IF($A$30="","",IF(OR($B$30="",$C$30=""),"— період не заданий —",TEXT(DAY($B$30),"00")&"."&TEXT(MONTH($B$30),"00")&"."&YEAR($B$30)&" – "&TEXT(DAY($C$30),"00")&"."&TEXT(MONTH($C$30),"00")&"."&YEAR($C$30))) | BG6: =IF($A$31="","",IF(OR($B$31="",$C$31=""),"— період не заданий —",TEXT(DAY($B$31),"00")&"."&TEXT(MONTH($B$31),"00")&"."&YEAR($B$31)&" – "&TEXT(DAY($C$31),"00")&"."&TEXT(MONTH($C$31),"00")&"."&YEAR($C$31))) | BI6: =IF($A$32="","",IF(OR($B$32="",$C$32=""),"— період не заданий —",TEXT(DAY($B$32),"00")&"."&TEXT(MONTH($B$32),"00")&"."&YEAR($B$32)&" – "&TEXT(DAY($C$32),"00")&"."&TEXT(MONTH($C$32),"00")&"."&YEAR($C$32))) | BK6: =IF($A$33="","",IF(OR($B$33="",$C$33=""),"— період не заданий —",TEXT(DAY($B$33),"00")&"."&TEXT(MONTH($B$33),"00")&"."&YEAR($B$33)&" – "&TEXT(DAY($C$33),"00")&"."&TEXT(MONTH($C$33),"00")&"."&YEAR($C$33))) | BM6: =IF($A$34="","",IF(OR($B$34="",$C$34=""),"— період не заданий —",TEXT(DAY($B$34),"00")&"."&TEXT(MONTH($B$34),"00")&"."&YEAR($B$34)&" – "&TEXT(DAY($C$34),"00")&"."&TEXT(MONTH($C$34),"00")&"."&YEAR($C$34))) | BO6: =IF($A$35="","",IF(OR($B$35="",$C$35=""),"— період не заданий —",TEXT(DAY($B$35),"00")&"."&TEXT(MONTH($B$35),"00")&"."&YEAR($B$35)&" – "&TEXT(DAY($C$35),"00")&"."&TEXT(MONTH($C$35),"00")&"."&YEAR($C$35))) | BQ6: =IF($A$36="","",IF(OR($B$36="",$C$36=""),"— період не заданий —",TEXT(DAY($B$36),"00")&"."&TEXT(MONTH($B$36),"00")&"."&YEAR($B$36)&" – "&TEXT(DAY($C$36),"00")&"."&TEXT(MONTH($C$36),"00")&"."&YEAR($C$36))) | BS6: =IF($A$37="","",IF(OR($B$37="",$C$37=""),"— період не заданий —",TEXT(DAY($B$37),"00")&"."&TEXT(MONTH($B$37),"00")&"."&YEAR($B$37)&" – "&TEXT(DAY($C$37),"00")&"."&TEXT(MONTH($C$37),"00")&"."&YEAR($C$37))) | BU6: =IF($A$38="","",IF(OR($B$38="",$C$38=""),"— період не заданий —",TEXT(DAY($B$38),"00")&"."&TEXT(MONTH($B$38),"00")&"."&YEAR($B$38)&" – "&TEXT(DAY($C$38),"00")&"."&TEXT(MONTH($C$38),"00")&"."&YEAR($C$38))) | BW6: =IF($A$39="","",IF(OR($B$39="",$C$39=""),"— період не заданий —",TEXT(DAY($B$39),"00")&"."&TEXT(MONTH($B$39),"00")&"."&YEAR($B$39)&" – "&TEXT(DAY($C$39),"00")&"."&TEXT(MONTH($C$39),"00")&"."&YEAR($C$39))) | BY6: =IF($A$40="","",IF(OR($B$40="",$C$40=""),"— період не заданий —",TEXT(DAY($B$40),"00")&"."&TEXT(MONTH($B$40),"00")&"."&YEAR($B$40)&" – "&TEXT(DAY($C$40),"00")&"."&TEXT(MONTH($C$40),"00")&"."&YEAR($C$40))) | CA6: =IF($A$41="","",IF(OR($B$41="",$C$41=""),"— період не заданий —",TEXT(DAY($B$41),"00")&"."&TEXT(MONTH($B$41),"00")&"."&YEAR($B$41)&" – "&TEXT(DAY($C$41),"00")&"."&TEXT(MONTH($C$41),"00")&"."&YEAR($C$41))) | CC6: =IF($A$42="","",IF(OR($B$42="",$C$42=""),"— період не заданий —",TEXT(DAY($B$42),"00")&"."&TEXT(MONTH($B$42),"00")&"."&YEAR($B$42)&" – "&TEXT(DAY($C$42),"00")&"."&TEXT(MONTH($C$42),"00")&"."&YEAR($C$42))) | CE6: =IF($A$43="","",IF(OR($B$43="",$C$43=""),"— період не заданий —",TEXT(DAY($B$43),"00")&"."&TEXT(MONTH($B$43),"00")&"."&YEAR($B$43)&" – "&TEXT(DAY($C$43),"00")&"."&TEXT(MONTH($C$43),"00")&"."&YEAR($C$43))) | CG6: =IF($A$44="","",IF(OR($B$44="",$C$44=""),"— період не заданий —",TEXT(DAY($B$44),"00")&"."&TEXT(MONTH($B$44),"00")&"."&YEAR($B$44)&" – "&TEXT(DAY($C$44),"00")&"."&TEXT(MONTH($C$44),"00")&"."&YEAR($C$44))) | CI6: =IF($A$45="","",IF(OR($B$45="",$C$45=""),"— період не заданий —",TEXT(DAY($B$45),"00")&"."&TEXT(MONTH($B$45),"00")&"."&YEAR($B$45)&" – "&TEXT(DAY($C$45),"00")&"."&TEXT(MONTH($C$45),"00")&"."&YEAR($C$45))) | CK6: =IF($A$46="","",IF(OR($B$46="",$C$46=""),"— період не заданий —",TEXT(DAY($B$46),"00")&"."&TEXT(MONTH($B$46),"00")&"."&YEAR($B$46)&" – "&TEXT(DAY($C$46),"00")&"."&TEXT(MONTH($C$46),"00")&"."&YEAR($C$46))) | CM6: =IF($A$47="","",IF(OR($B$47="",$C$47=""),"— період не заданий —",TEXT(DAY($B$47),"00")&"."&TEXT(MONTH($B$47),"00")&"."&YEAR($B$47)&" – "&TEXT(DAY($C$47),"00")&"."&TEXT(MONTH($C$47),"00")&"."&YEAR($C$47))) | CO6: =IF($A$48="","",IF(OR($B$48="",$C$48=""),"— період не заданий —",TEXT(DAY($B$48),"00")&"."&TEXT(MONTH($B$48),"00")&"."&YEAR($B$48)&" – "&TEXT(DAY($C$48),"00")&"."&TEXT(MONTH($C$48),"00")&"."&YEAR($C$48))) | CQ6: =IF($A$49="","",IF(OR($B$49="",$C$49=""),"— період не заданий —",TEXT(DAY($B$49),"00")&"."&TEXT(MONTH($B$49),"00")&"."&YEAR($B$49)&" – "&TEXT(DAY($C$49),"00")&"."&TEXT(MONTH($C$49),"00")&"."&YEAR($C$49))) | CS6: =IF($A$50="","",IF(OR($B$50="",$C$50=""),"— період не заданий —",TEXT(DAY($B$50),"00")&"."&TEXT(MONTH($B$50),"00")&"."&YEAR($B$50)&" – "&TEXT(DAY($C$50),"00")&"."&TEXT(MONTH($C$50),"00")&"."&YEAR($C$50))) | CU6: =IF($A$51="","",IF(OR($B$51="",$C$51=""),"— період не заданий —",TEXT(DAY($B$51),"00")&"."&TEXT(MONTH($B$51),"00")&"."&YEAR($B$51)&" – "&TEXT(DAY($C$51),"00")&"."&TEXT(MONTH($C$51),"00")&"."&YEAR($C$51))) | CW6: =IF($A$52="","",IF(OR($B$52="",$C$52=""),"— період не заданий —",TEXT(DAY($B$52),"00")&"."&TEXT(MONTH($B$52),"00")&"."&YEAR($B$52)&" – "&TEXT(DAY($C$52),"00")&"."&TEXT(MONTH($C$52),"00")&"."&YEAR($C$52))) | CY6: =IF($A$53="","",IF(OR($B$53="",$C$53=""),"— період не заданий —",TEXT(DAY($B$53),"00")&"."&TEXT(MONTH($B$53),"00")&"."&YEAR($B$53)&" – "&TEXT(DAY($C$53),"00")&"."&TEXT(MONTH($C$53),"00")&"."&YEAR($C$53))) | DA6: =IF($A$54="","",IF(OR($B$54="",$C$54=""),"— період не заданий —",TEXT(DAY($B$54),"00")&"."&TEXT(MONTH($B$54),"00")&"."&YEAR($B$54)&" – "&TEXT(DAY($C$54),"00")&"."&TEXT(MONTH($C$54),"00")&"."&YEAR($C$54))) | DC6: =IF($A$55="","",IF(OR($B$55="",$C$55=""),"— період не заданий —",TEXT(DAY($B$55),"00")&"."&TEXT(MONTH($B$55),"00")&"."&YEAR($B$55)&" – "&TEXT(DAY($C$55),"00")&"."&TEXT(MONTH($C$55),"00")&"."&YEAR($C$55))) | DE6: =IF($A$56="","",IF(OR($B$56="",$C$56=""),"— період не заданий —",TEXT(DAY($B$56),"00")&"."&TEXT(MONTH($B$56),"00")&"."&YEAR($B$56)&" – "&TEXT(DAY($C$56),"00")&"."&TEXT(MONTH($C$56),"00")&"."&YEAR($C$56))) | DG6: =IF($A$57="","",IF(OR($B$57="",$C$57=""),"— період не заданий —",TEXT(DAY($B$57),"00")&"."&TEXT(MONTH($B$57),"00")&"."&YEAR($B$57)&" – "&TEXT(DAY($C$57),"00")&"."&TEXT(MONTH($C$57),"00")&"."&YEAR($C$57))) | DI6: =IF($A$58="","",IF(OR($B$58="",$C$58=""),"— період не заданий —",TEXT(DAY($B$58),"00")&"."&TEXT(MONTH($B$58),"00")&"."&YEAR($B$58)&" – "&TEXT(DAY($C$58),"00")&"."&TEXT(MONTH($C$58),"00")&"."&YEAR($C$58))) | DK6: =IF($A$59="","",IF(OR($B$59="",$C$59=""),"— період не заданий —",TEXT(DAY($B$59),"00")&"."&TEXT(MONTH($B$59),"00")&"."&YEAR($B$59)&" – "&TEXT(DAY($C$59),"00")&"."&TEXT(MONTH($C$59),"00")&"."&YEAR($C$59))) | DM6: =IF($A$60="","",IF(OR($B$60="",$C$60=""),"— період не заданий —",TEXT(DAY($B$60),"00")&"."&TEXT(MONTH($B$60),"00")&"."&YEAR($B$60)&" – "&TEXT(DAY($C$60),"00")&"."&TEXT(MONTH($C$60),"00")&"."&YEAR($C$60))) | DO6: =IF($A$61="","",IF(OR($B$61="",$C$61=""),"— період не заданий —",TEXT(DAY($B$61),"00")&"."&TEXT(MONTH($B$61),"00")&"."&YEAR($B$61)&" – "&TEXT(DAY($C$61),"00")&"."&TEXT(MONTH($C$61),"00")&"."&YEAR($C$61))) | DQ6: =IF($A$62="","",IF(OR($B$62="",$C$62=""),"— період не заданий —",TEXT(DAY($B$62),"00")&"."&TEXT(MONTH($B$62),"00")&"."&YEAR($B$62)&" – "&TEXT(DAY($C$62),"00")&"."&TEXT(MONTH($C$62),"00")&"."&YEAR($C$62))) | DS6: =IF($A$63="","",IF(OR($B$63="",$C$63=""),"— період не заданий —",TEXT(DAY($B$63),"00")&"."&TEXT(MONTH($B$63),"00")&"."&YEAR($B$63)&" – "&TEXT(DAY($C$63),"00")&"."&TEXT(MONTH($C$63),"00")&"."&YEAR($C$63))) | DU6: =IF($A$64="","",IF(OR($B$64="",$C$64=""),"— період не заданий —",TEXT(DAY($B$64),"00")&"."&TEXT(MONTH($B$64),"00")&"."&YEAR($B$64)&" – "&TEXT(DAY($C$64),"00")&"."&TEXT(MONTH($C$64),"00")&"."&YEAR($C$64))) | DW6: =IF($A$65="","",IF(OR($B$65="",$C$65=""),"— період не заданий —",TEXT(DAY($B$65),"00")&"."&TEXT(MONTH($B$65),"00")&"."&YEAR($B$65)&" – "&TEXT(DAY($C$65),"00")&"."&TEXT(MONTH($C$65),"00")&"."&YEAR($C$65)))
A7: Осінь 2026 База | D7: Чернетка | F7: Крок округлення, грн | G7: 1 | H7: Статус | I7: =IF($A$6="","",$D$6) -> Чернетка | K7: =IF($A$7="","",$D$7) -> Чернетка | M7: =IF($A$8="","",$D$8) -> Активний | O7: =IF($A$9="","",$D$9) -> Чернетка | Q7: =IF($A$10="","",$D$10) -> Активний | S7: =IF($A$11="","",$D$11) -> Чернетка | U7: =IF($A$12="","",$D$12) -> Чернетка | W7: =IF($A$13="","",$D$13) -> Чернетка | Y7: =IF($A$14="","",$D$14) -> Чернетка | AA7: =IF($A$15="","",$D$15) -> Чернетка | AC7: =IF($A$16="","",$D$16) -> Чернетка | AE7: =IF($A$17="","",$D$17) -> Чернетка | AG7: =IF($A$18="","",$D$18) -> Чернетка | AI7: =IF($A$19="","",$D$19) -> Чернетка | AK7: =IF($A$20="","",$D$20) | AM7: =IF($A$21="","",$D$21) | AO7: =IF($A$22="","",$D$22) | AQ7: =IF($A$23="","",$D$23) | AS7: =IF($A$24="","",$D$24) | AU7: =IF($A$25="","",$D$25) | AW7: =IF($A$26="","",$D$26) | AY7: =IF($A$27="","",$D$27) | BA7: =IF($A$28="","",$D$28) | BC7: =IF($A$29="","",$D$29) | BE7: =IF($A$30="","",$D$30) | BG7: =IF($A$31="","",$D$31) | BI7: =IF($A$32="","",$D$32) | BK7: =IF($A$33="","",$D$33) | BM7: =IF($A$34="","",$D$34) | BO7: =IF($A$35="","",$D$35) | BQ7: =IF($A$36="","",$D$36) | BS7: =IF($A$37="","",$D$37) | BU7: =IF($A$38="","",$D$38) | BW7: =IF($A$39="","",$D$39) | BY7: =IF($A$40="","",$D$40) | CA7: =IF($A$41="","",$D$41) | CC7: =IF($A$42="","",$D$42) | CE7: =IF($A$43="","",$D$43) | CG7: =IF($A$44="","",$D$44) | CI7: =IF($A$45="","",$D$45) | CK7: =IF($A$46="","",$D$46) | CM7: =IF($A$47="","",$D$47) | CO7: =IF($A$48="","",$D$48) | CQ7: =IF($A$49="","",$D$49) | CS7: =IF($A$50="","",$D$50) | CU7: =IF($A$51="","",$D$51) | CW7: =IF($A$52="","",$D$52) | CY7: =IF($A$53="","",$D$53) | DA7: =IF($A$54="","",$D$54) | DC7: =IF($A$55="","",$D$55) | DE7: =IF($A$56="","",$D$56) | DG7: =IF($A$57="","",$D$57) | DI7: =IF($A$58="","",$D$58) | DK7: =IF($A$59="","",$D$59) | DM7: =IF($A$60="","",$D$60) | DO7: =IF($A$61="","",$D$61) | DQ7: =IF($A$62="","",$D$62) | DS7: =IF($A$63="","",$D$63) | DU7: =IF($A$64="","",$D$64) | DW7: =IF($A$65="","",$D$65)
A8: Осінь 2026 (00-10%) | B8: 46296 | C8: 46356 | D8: Активний | F8: Знижка на проживання для пакета BBSPA | G8: 0.1 | H8: Оновлено | I8: =IF($A$6="","",$E$6) -> 0 | K8: =IF($A$7="","",$E$7) -> 0 | M8: =IF($A$8="","",$E$8) -> 0 | O8: =IF($A$9="","",$E$9) -> 0 | Q8: =IF($A$10="","",$E$10) -> 0 | S8: =IF($A$11="","",$E$11) -> 0 | U8: =IF($A$12="","",$E$12) -> 0 | W8: =IF($A$13="","",$E$13) -> 0 | Y8: =IF($A$14="","",$E$14) -> 0 | AA8: =IF($A$15="","",$E$15) -> 0 | AC8: =IF($A$16="","",$E$16) -> 0 | AE8: =IF($A$17="","",$E$17) -> 0 | AG8: =IF($A$18="","",$E$18) -> 0 | AI8: =IF($A$19="","",$E$19) -> 0 | AK8: =IF($A$20="","",$E$20) | AM8: =IF($A$21="","",$E$21) | AO8: =IF($A$22="","",$E$22) | AQ8: =IF($A$23="","",$E$23) | AS8: =IF($A$24="","",$E$24) | AU8: =IF($A$25="","",$E$25) | AW8: =IF($A$26="","",$E$26) | AY8: =IF($A$27="","",$E$27) | BA8: =IF($A$28="","",$E$28) | BC8: =IF($A$29="","",$E$29) | BE8: =IF($A$30="","",$E$30) | BG8: =IF($A$31="","",$E$31) | BI8: =IF($A$32="","",$E$32) | BK8: =IF($A$33="","",$E$33) | BM8: =IF($A$34="","",$E$34) | BO8: =IF($A$35="","",$E$35) | BQ8: =IF($A$36="","",$E$36) | BS8: =IF($A$37="","",$E$37) | BU8: =IF($A$38="","",$E$38) | BW8: =IF($A$39="","",$E$39) | BY8: =IF($A$40="","",$E$40) | CA8: =IF($A$41="","",$E$41) | CC8: =IF($A$42="","",$E$42) | CE8: =IF($A$43="","",$E$43) | CG8: =IF($A$44="","",$E$44) | CI8: =IF($A$45="","",$E$45) | CK8: =IF($A$46="","",$E$46) | CM8: =IF($A$47="","",$E$47) | CO8: =IF($A$48="","",$E$48) | CQ8: =IF($A$49="","",$E$49) | CS8: =IF($A$50="","",$E$50) | CU8: =IF($A$51="","",$E$51) | CW8: =IF($A$52="","",$E$52) | CY8: =IF($A$53="","",$E$53) | DA8: =IF($A$54="","",$E$54) | DC8: =IF($A$55="","",$E$55) | DE8: =IF($A$56="","",$E$56) | DG8: =IF($A$57="","",$E$57) | DI8: =IF($A$58="","",$E$58) | DK8: =IF($A$59="","",$E$59) | DM8: =IF($A$60="","",$E$60) | DO8: =IF($A$61="","",$E$61) | DQ8: =IF($A$62="","",$E$62) | DS8: =IF($A$63="","",$E$63) | DU8: =IF($A$64="","",$E$64) | DW8: =IF($A$65="","",$E$65)
A9: Осінь 2026 (Канікули) 0-10% | D9: Чернетка | F9: Проживання з тваринами, грн / ніч | G9: 500
A10: Осінь 2026 (10-20%) | B10: 46266 | C10: 46295 | D10: Активний | F10: Еталонний прайс-лист для Δ (варіант B) | G10: Осінь 2026 База | H10: БАЗОВІ RO-ЦІНИ — 1–2 ОСОБИ
A11: Осінь 2026 (Канікули) 10%-20% | D11: Чернетка | F11: Вихідні починаються з дня тижня (1=Пн … 7=Нд) | G11: 5 | H11: Базова категорія | I11: RO 1–2 ос. | J11: Вихідні 1–2 (авто) | K11: RO 1–2 ос. | L11: Вихідні 1–2 (авто) | M11: RO 1–2 ос. | N11: Вихідні 1–2 (авто) | O11: RO 1–2 ос. | P11: Вихідні 1–2 (авто) | Q11: RO 1–2 ос. | R11: Вихідні 1–2 (авто) | S11: RO 1–2 ос. | T11: Вихідні 1–2 (авто) | U11: RO 1–2 ос. | V11: Вихідні 1–2 (авто) | W11: RO 1–2 ос. | X11: Вихідні 1–2 (авто) | Y11: RO 1–2 ос. | Z11: Вихідні 1–2 (авто) | AA11: RO 1–2 ос. | AB11: Вихідні 1–2 (авто) | AC11: RO 1–2 ос. | AD11: Вихідні 1–2 (авто) | AE11: RO 1–2 ос. | AF11: Вихідні 1–2 (авто) | AG11: RO 1–2 ос. | AH11: Вихідні 1–2 (авто) | AI11: RO 1–2 ос. | AJ11: Вихідні 1–2 (авто) | AK11: RO 1–2 ос. | AL11: Вихідні 1–2 (авто) | AM11: RO 1–2 ос. | AN11: Вихідні 1–2 (авто) | AO11: RO 1–2 ос. | AP11: Вихідні 1–2 (авто) | AQ11: RO 1–2 ос. | AR11: Вихідні 1–2 (авто) | AS11: RO 1–2 ос. | AT11: Вихідні 1–2 (авто) | AU11: RO 1–2 ос. | AV11: Вихідні 1–2 (авто) | AW11: RO 1–2 ос. | AX11: Вихідні 1–2 (авто) | AY11: RO 1–2 ос. | AZ11: Вихідні 1–2 (авто) | BA11: RO 1–2 ос. | BB11: Вихідні 1–2 (авто) | BC11: RO 1–2 ос. | BD11: Вихідні 1–2 (авто) | BE11: RO 1–2 ос. | BF11: Вихідні 1–2 (авто) | BG11: RO 1–2 ос. | BH11: Вихідні 1–2 (авто) | BI11: RO 1–2 ос. | BJ11: Вихідні 1–2 (авто) | BK11: RO 1–2 ос. | BL11: Вихідні 1–2 (авто) | BM11: RO 1–2 ос. | BN11: Вихідні 1–2 (авто) | BO11: RO 1–2 ос. | BP11: Вихідні 1–2 (авто) | BQ11: RO 1–2 ос. | BR11: Вихідні 1–2 (авто) | BS11: RO 1–2 ос. | BT11: Вихідні 1–2 (авто) | BU11: RO 1–2 ос. | BV11: Вихідні 1–2 (авто) | BW11: RO 1–2 ос. | BX11: Вихідні 1–2 (авто) | BY11: RO 1–2 ос. | BZ11: Вихідні 1–2 (авто) | CA11: RO 1–2 ос. | CB11: Вихідні 1–2 (авто) | CC11: RO 1–2 ос. | CD11: Вихідні 1–2 (авто) | CE11: RO 1–2 ос. | CF11: Вихідні 1–2 (авто) | CG11: RO 1–2 ос. | CH11: Вихідні 1–2 (авто) | CI11: RO 1–2 ос. | CJ11: Вихідні 1–2 (авто) | CK11: RO 1–2 ос. | CL11: Вихідні 1–2 (авто) | CM11: RO 1–2 ос. | CN11: Вихідні 1–2 (авто) | CO11: RO 1–2 ос. | CP11: Вихідні 1–2 (авто) | CQ11: RO 1–2 ос. | CR11: Вихідні 1–2 (авто) | CS11: RO 1–2 ос. | CT11: Вихідні 1–2 (авто) | CU11: RO 1–2 ос. | CV11: Вихідні 1–2 (авто) | CW11: RO 1–2 ос. | CX11: Вихідні 1–2 (авто) | CY11: RO 1–2 ос. | CZ11: Вихідні 1–2 (авто) | DA11: RO 1–2 ос. | DB11: Вихідні 1–2 (авто) | DC11: RO 1–2 ос. | DD11: Вихідні 1–2 (авто) | DE11: RO 1–2 ос. | DF11: Вихідні 1–2 (авто) | DG11: RO 1–2 ос. | DH11: Вихідні 1–2 (авто) | DI11: RO 1–2 ос. | DJ11: Вихідні 1–2 (авто) | DK11: RO 1–2 ос. | DL11: Вихідні 1–2 (авто) | DM11: RO 1–2 ос. | DN11: Вихідні 1–2 (авто) | DO11: RO 1–2 ос. | DP11: Вихідні 1–2 (авто) | DQ11: RO 1–2 ос. | DR11: Вихідні 1–2 (авто) | DS11: RO 1–2 ос. | DT11: Вихідні 1–2 (авто) | DU11: RO 1–2 ос. | DV11: Вихідні 1–2 (авто) | DW11: RO 1–2 ос. | DX11: Вихідні 1–2 (авто)
A12: Осінь 2026 (20-30%) | D12: Чернетка | F12: 3. ТАРИФИ — ЗНИЖКИ НА ПРОЖИВАННЯ | H12: Міні-котедж | I12: 5530 | J12: =IF(OR(I12="",J33=""),"",ROUND(I12*J33/ОКРУГЛЕННЯ,0)*ОКРУГЛЕННЯ) -> 6299 | K12: 7140 | L12: =IF(OR(K12="",L33=""),"",ROUND(K12*L33/ОКРУГЛЕННЯ,0)*ОКРУГЛЕННЯ) -> 7854 | M12: 4998 | N12: =IF(OR(M12="",N33=""),"",ROUND(M12*N33/ОКРУГЛЕННЯ,0)*ОКРУГЛЕННЯ) -> 5498 | O12: 5355 | P12: =IF(OR(O12="",P33=""),"",ROUND(O12*P33/ОКРУГЛЕННЯ,0)*ОКРУГЛЕННЯ) -> 5891 | Q12: 5400 | R12: =IF(OR(Q12="",R33=""),"",ROUND(Q12*R33/ОКРУГЛЕННЯ,0)*ОКРУГЛЕННЯ) -> 5940 | T12: =IF(OR(S12="",T33=""),"",ROUND(S12*T33/ОКРУГЛЕННЯ,0)*ОКРУГЛЕННЯ) | U12: 5700 | V12: =IF(OR(U12="",V33=""),"",ROUND(U12*V33/ОКРУГЛЕННЯ,0)*ОКРУГЛЕННЯ) -> 6270 | X12: =IF(OR(W12="",X33=""),"",ROUND(W12*X33/ОКРУГЛЕННЯ,0)*ОКРУГЛЕННЯ) | Z12: =IF(OR(Y12="",Z33=""),"",ROUND(Y12*Z33/ОКРУГЛЕННЯ,0)*ОКРУГЛЕННЯ) | AB12: =IF(OR(AA12="",AB33=""),"",ROUND(AA12*AB33/ОКРУГЛЕННЯ,0)*ОКРУГЛЕННЯ) | AD12: =IF(OR(AC12="",AD33=""),"",ROUND(AC12*AD33/ОКРУГЛЕННЯ,0)*ОКРУГЛЕННЯ) | AF12: =IF(OR(AE12="",AF33=""),"",ROUND(AE12*AF33/ОКРУГЛЕННЯ,0)*ОКРУГЛЕННЯ) | AH12: =IF(OR(AG12="",AH33=""),"",ROUND(AG12*AH33/ОКРУГЛЕННЯ,0)*ОКРУГЛЕННЯ) | AJ12: =IF(OR(AI12="",AJ33=""),"",ROUND(AI12*AJ33/ОКРУГЛЕННЯ,0)*ОКРУГЛЕННЯ) | AL12: =IF(OR(AK12="",AL33=""),"",ROUND(AK12*AL33/ОКРУГЛЕННЯ,0)*ОКРУГЛЕННЯ) | AN12: =IF(OR(AM12="",AN33=""),"",ROUND(AM12*AN33/ОКРУГЛЕННЯ,0)*ОКРУГЛЕННЯ) | AP12: =IF(OR(AO12="",AP33=""),"",ROUND(AO12*AP33/ОКРУГЛЕННЯ,0)*ОКРУГЛЕННЯ) | AR12: =IF(OR(AQ12="",AR33=""),"",ROUND(AQ12*AR33/ОКРУГЛЕННЯ,0)*ОКРУГЛЕННЯ) | AT12: =IF(OR(AS12="",AT33=""),"",ROUND(AS12*AT33/ОКРУГЛЕННЯ,0)*ОКРУГЛЕННЯ) | AV12: =IF(OR(AU12="",AV33=""),"",ROUND(AU12*AV33/ОКРУГЛЕННЯ,0)*ОКРУГЛЕННЯ) | AX12: =IF(OR(AW12="",AX33=""),"",ROUND(AW12*AX33/ОКРУГЛЕННЯ,0)*ОКРУГЛЕННЯ) | AZ12: =IF(OR(AY12="",AZ33=""),"",ROUND(AY12*AZ33/ОКРУГЛЕННЯ,0)*ОКРУГЛЕННЯ) | BB12: =IF(OR(BA12="",BB33=""),"",ROUND(BA12*BB33/ОКРУГЛЕННЯ,0)*ОКРУГЛЕННЯ) | BD12: =IF(OR(BC12="",BD33=""),"",ROUND(BC12*BD33/ОКРУГЛЕННЯ,0)*ОКРУГЛЕННЯ) | BF12: =IF(OR(BE12="",BF33=""),"",ROUND(BE12*BF33/ОКРУГЛЕННЯ,0)*ОКРУГЛЕННЯ) | BH12: =IF(OR(BG12="",BH33=""),"",ROUND(BG12*BH33/ОКРУГЛЕННЯ,0)*ОКРУГЛЕННЯ) | BJ12: =IF(OR(BI12="",BJ33=""),"",ROUND(BI12*BJ33/ОКРУГЛЕННЯ,0)*ОКРУГЛЕННЯ) | BL12: =IF(OR(BK12="",BL33=""),"",ROUND(BK12*BL33/ОКРУГЛЕННЯ,0)*ОКРУГЛЕННЯ) | BN12: =IF(OR(BM12="",BN33=""),"",ROUND(BM12*BN33/ОКРУГЛЕННЯ,0)*ОКРУГЛЕННЯ) | BP12: =IF(OR(BO12="",BP33=""),"",ROUND(BO12*BP33/ОКРУГЛЕННЯ,0)*ОКРУГЛЕННЯ) | BR12: =IF(OR(BQ12="",BR33=""),"",ROUND(BQ12*BR33/ОКРУГЛЕННЯ,0)*ОКРУГЛЕННЯ) | BT12: =IF(OR(BS12="",BT33=""),"",ROUND(BS12*BT33/ОКРУГЛЕННЯ,0)*ОКРУГЛЕННЯ) | BV12: =IF(OR(BU12="",BV33=""),"",ROUND(BU12*BV33/ОКРУГЛЕННЯ,0)*ОКРУГЛЕННЯ) | BX12: =IF(OR(BW12="",BX33=""),"",ROUND(BW12*BX33/ОКРУГЛЕННЯ,0)*ОКРУГЛЕННЯ) | BZ12: =IF(OR(BY12="",BZ33=""),"",ROUND(BY12*BZ33/ОКРУГЛЕННЯ,0)*ОКРУГЛЕННЯ) | CB12: =IF(OR(CA12="",CB33=""),"",ROUND(CA12*CB33/ОКРУГЛЕННЯ,0)*ОКРУГЛЕННЯ) | CD12: =IF(OR(CC12="",CD33=""),"",ROUND(CC12*CD33/ОКРУГЛЕННЯ,0)*ОКРУГЛЕННЯ) | CF12: =IF(OR(CE12="",CF33=""),"",ROUND(CE12*CF33/ОКРУГЛЕННЯ,0)*ОКРУГЛЕННЯ) | CH12: =IF(OR(CG12="",CH33=""),"",ROUND(CG12*CH33/ОКРУГЛЕННЯ,0)*ОКРУГЛЕННЯ) | CJ12: =IF(OR(CI12="",CJ33=""),"",ROUND(CI12*CJ33/ОКРУГЛЕННЯ,0)*ОКРУГЛЕННЯ) | CL12: =IF(OR(CK12="",CL33=""),"",ROUND(CK12*CL33/ОКРУГЛЕННЯ,0)*ОКРУГЛЕННЯ) | CN12: =IF(OR(CM12="",CN33=""),"",ROUND(CM12*CN33/ОКРУГЛЕННЯ,0)*ОКРУГЛЕННЯ) | CP12: =IF(OR(CO12="",CP33=""),"",ROUND(CO12*CP33/ОКРУГЛЕННЯ,0)*ОКРУГЛЕННЯ) | CR12: =IF(OR(CQ12="",CR33=""),"",ROUND(CQ12*CR33/ОКРУГЛЕННЯ,0)*ОКРУГЛЕННЯ) | CT12: =IF(OR(CS12="",CT33=""),"",ROUND(CS12*CT33/ОКРУГЛЕННЯ,0)*ОКРУГЛЕННЯ) | CV12: =IF(OR(CU12="",CV33=""),"",ROUND(CU12*CV33/ОКРУГЛЕННЯ,0)*ОКРУГЛЕННЯ) | CX12: =IF(OR(CW12="",CX33=""),"",ROUND(CW12*CX33/ОКРУГЛЕННЯ,0)*ОКРУГЛЕННЯ) | CZ12: =IF(OR(CY12="",CZ33=""),"",ROUND(CY12*CZ33/ОКРУГЛЕННЯ,0)*ОКРУГЛЕННЯ) | DB12: =IF(OR(DA12="",DB33=""),"",ROUND(DA12*DB33/ОКРУГЛЕННЯ,0)*ОКРУГЛЕННЯ) | DD12: =IF(OR(DC12="",DD33=""),"",ROUND(DC12*DD33/ОКРУГЛЕННЯ,0)*ОКРУГЛЕННЯ) | DF12: =IF(OR(DE12="",DF33=""),"",ROUND(DE12*DF33/ОКРУГЛЕННЯ,0)*ОКРУГЛЕННЯ) | DH12: =IF(OR(DG12="",DH33=""),"",ROUND(DG12*DH33/ОКРУГЛЕННЯ,0)*ОКРУГЛЕННЯ) | DJ12: =IF(OR(DI12="",DJ33=""),"",ROUND(DI12*DJ33/ОКРУГЛЕННЯ,0)*ОКРУГЛЕННЯ) | DL12: =IF(OR(DK12="",DL33=""),"",ROUND(DK12*DL33/ОКРУГЛЕННЯ,0)*ОКРУГЛЕННЯ) | DN12: =IF(OR(DM12="",DN33=""),"",ROUND(DM12*DN33/ОКРУГЛЕННЯ,0)*ОКРУГЛЕННЯ) | DP12: =IF(OR(DO12="",DP33=""),"",ROUND(DO12*DP33/ОКРУГЛЕННЯ,0)*ОКРУГЛЕННЯ) | DR12: =IF(OR(DQ12="",DR33=""),"",ROUND(DQ12*DR33/ОКРУГЛЕННЯ,0)*ОКРУГЛЕННЯ) | DT12: =IF(OR(DS12="",DT33=""),"",ROUND(DS12*DT33/ОКРУГЛЕННЯ,0)*ОКРУГЛЕННЯ) | DV12: =IF(OR(DU12="",DV33=""),"",ROUND(DU12*DV33/ОКРУГЛЕННЯ,0)*ОКРУГЛЕННЯ) | DX12: =IF(OR(DW12="",DX33=""),"",ROUND(DW12*DX33/ОКРУГЛЕННЯ,0)*ОКРУГЛЕННЯ)
A13: Осінь 2026 (Канікули) 20-30% | D13: Чернетка | F13: Тариф | G13: Знижка | H13: Котедж комфорт класу | I13: 7100 | J13: =IF(OR(I13="",J35=""),"",ROUND(I13*J35/ОКРУГЛЕННЯ,0)*ОКРУГЛЕННЯ) -> 7800 | K13: 9400 | L13: =IF(OR(K13="",L35=""),"",ROUND(K13*L35/ОКРУГЛЕННЯ,0)*ОКРУГЛЕННЯ) -> 10340 | M13: 6580 | N13: =IF(OR(M13="",N35=""),"",ROUND(M13*N35/ОКРУГЛЕННЯ,0)*ОКРУГЛЕННЯ) -> 7238 | O13: 7050 | P13: =IF(OR(O13="",P35=""),"",ROUND(O13*P35/ОКРУГЛЕННЯ,0)*ОКРУГЛЕННЯ) -> 7755 | Q13: 7100 | R13: =IF(OR(Q13="",R35=""),"",ROUND(Q13*R35/ОКРУГЛЕННЯ,0)*ОКРУГЛЕННЯ) -> 7739 | T13: =IF(OR(S13="",T35=""),"",ROUND(S13*T35/ОКРУГЛЕННЯ,0)*ОКРУГЛЕННЯ) | U13: 7520 | V13: =IF(OR(U13="",V35=""),"",ROUND(U13*V35/ОКРУГЛЕННЯ,0)*ОКРУГЛЕННЯ) -> 8197 | X13: =IF(OR(W13="",X35=""),"",ROUND(W13*X35/ОКРУГЛЕННЯ,0)*ОКРУГЛЕННЯ) | Z13: =IF(OR(Y13="",Z35=""),"",ROUND(Y13*Z35/ОКРУГЛЕННЯ,0)*ОКРУГЛЕННЯ) | AB13: =IF(OR(AA13="",AB35=""),"",ROUND(AA13*AB35/ОКРУГЛЕННЯ,0)*ОКРУГЛЕННЯ) | AD13: =IF(OR(AC13="",AD35=""),"",ROUND(AC13*AD35/ОКРУГЛЕННЯ,0)*ОКРУГЛЕННЯ) | AF13: =IF(OR(AE13="",AF35=""),"",ROUND(AE13*AF35/ОКРУГЛЕННЯ,0)*ОКРУГЛЕННЯ) | AH13: =IF(OR(AG13="",AH35=""),"",ROUND(AG13*AH35/ОКРУГЛЕННЯ,0)*ОКРУГЛЕННЯ) | AJ13: =IF(OR(AI13="",AJ35=""),"",ROUND(AI13*AJ35/ОКРУГЛЕННЯ,0)*ОКРУГЛЕННЯ) | AL13: =IF(OR(AK13="",AL35=""),"",ROUND(AK13*AL35/ОКРУГЛЕННЯ,0)*ОКРУГЛЕННЯ) | AN13: =IF(OR(AM13="",AN35=""),"",ROUND(AM13*AN35/ОКРУГЛЕННЯ,0)*ОКРУГЛЕННЯ) | AP13: =IF(OR(AO13="",AP35=""),"",ROUND(AO13*AP35/ОКРУГЛЕННЯ,0)*ОКРУГЛЕННЯ) | AR13: =IF(OR(AQ13="",AR35=""),"",ROUND(AQ13*AR35/ОКРУГЛЕННЯ,0)*ОКРУГЛЕННЯ) | AT13: =IF(OR(AS13="",AT35=""),"",ROUND(AS13*AT35/ОКРУГЛЕННЯ,0)*ОКРУГЛЕННЯ) | AV13: =IF(OR(AU13="",AV35=""),"",ROUND(AU13*AV35/ОКРУГЛЕННЯ,0)*ОКРУГЛЕННЯ) | AX13: =IF(OR(AW13="",AX35=""),"",ROUND(AW13*AX35/ОКРУГЛЕННЯ,0)*ОКРУГЛЕННЯ) | AZ13: =IF(OR(AY13="",AZ35=""),"",ROUND(AY13*AZ35/ОКРУГЛЕННЯ,0)*ОКРУГЛЕННЯ) | BB13: =IF(OR(BA13="",BB35=""),"",ROUND(BA13*BB35/ОКРУГЛЕННЯ,0)*ОКРУГЛЕННЯ) | BD13: =IF(OR(BC13="",BD35=""),"",ROUND(BC13*BD35/ОКРУГЛЕННЯ,0)*ОКРУГЛЕННЯ) | BF13: =IF(OR(BE13="",BF35=""),"",ROUND(BE13*BF35/ОКРУГЛЕННЯ,0)*ОКРУГЛЕННЯ) | BH13: =IF(OR(BG13="",BH35=""),"",ROUND(BG13*BH35/ОКРУГЛЕННЯ,0)*ОКРУГЛЕННЯ) | BJ13: =IF(OR(BI13="",BJ35=""),"",ROUND(BI13*BJ35/ОКРУГЛЕННЯ,0)*ОКРУГЛЕННЯ) | BL13: =IF(OR(BK13="",BL35=""),"",ROUND(BK13*BL35/ОКРУГЛЕННЯ,0)*ОКРУГЛЕННЯ) | BN13: =IF(OR(BM13="",BN35=""),"",ROUND(BM13*BN35/ОКРУГЛЕННЯ,0)*ОКРУГЛЕННЯ) | BP13: =IF(OR(BO13="",BP35=""),"",ROUND(BO13*BP35/ОКРУГЛЕННЯ,0)*ОКРУГЛЕННЯ) | BR13: =IF(OR(BQ13="",BR35=""),"",ROUND(BQ13*BR35/ОКРУГЛЕННЯ,0)*ОКРУГЛЕННЯ) | BT13: =IF(OR(BS13="",BT35=""),"",ROUND(BS13*BT35/ОКРУГЛЕННЯ,0)*ОКРУГЛЕННЯ) | BV13: =IF(OR(BU13="",BV35=""),"",ROUND(BU13*BV35/ОКРУГЛЕННЯ,0)*ОКРУГЛЕННЯ) | BX13: =IF(OR(BW13="",BX35=""),"",ROUND(BW13*BX35/ОКРУГЛЕННЯ,0)*ОКРУГЛЕННЯ) | BZ13: =IF(OR(BY13="",BZ35=""),"",ROUND(BY13*BZ35/ОКРУГЛЕННЯ,0)*ОКРУГЛЕННЯ) | CB13: =IF(OR(CA13="",CB35=""),"",ROUND(CA13*CB35/ОКРУГЛЕННЯ,0)*ОКРУГЛЕННЯ) | CD13: =IF(OR(CC13="",CD35=""),"",ROUND(CC13*CD35/ОКРУГЛЕННЯ,0)*ОКРУГЛЕННЯ) | CF13: =IF(OR(CE13="",CF35=""),"",ROUND(CE13*CF35/ОКРУГЛЕННЯ,0)*ОКРУГЛЕННЯ) | CH13: =IF(OR(CG13="",CH35=""),"",ROUND(CG13*CH35/ОКРУГЛЕННЯ,0)*ОКРУГЛЕННЯ) | CJ13: =IF(OR(CI13="",CJ35=""),"",ROUND(CI13*CJ35/ОКРУГЛЕННЯ,0)*ОКРУГЛЕННЯ) | CL13: =IF(OR(CK13="",CL35=""),"",ROUND(CK13*CL35/ОКРУГЛЕННЯ,0)*ОКРУГЛЕННЯ) | CN13: =IF(OR(CM13="",CN35=""),"",ROUND(CM13*CN35/ОКРУГЛЕННЯ,0)*ОКРУГЛЕННЯ) | CP13: =IF(OR(CO13="",CP35=""),"",ROUND(CO13*CP35/ОКРУГЛЕННЯ,0)*ОКРУГЛЕННЯ) | CR13: =IF(OR(CQ13="",CR35=""),"",ROUND(CQ13*CR35/ОКРУГЛЕННЯ,0)*ОКРУГЛЕННЯ) | CT13: =IF(OR(CS13="",CT35=""),"",ROUND(CS13*CT35/ОКРУГЛЕННЯ,0)*ОКРУГЛЕННЯ) | CV13: =IF(OR(CU13="",CV35=""),"",ROUND(CU13*CV35/ОКРУГЛЕННЯ,0)*ОКРУГЛЕННЯ) | CX13: =IF(OR(CW13="",CX35=""),"",ROUND(CW13*CX35/ОКРУГЛЕННЯ,0)*ОКРУГЛЕННЯ) | CZ13: =IF(OR(CY13="",CZ35=""),"",ROUND(CY13*CZ35/ОКРУГЛЕННЯ,0)*ОКРУГЛЕННЯ) | DB13: =IF(OR(DA13="",DB35=""),"",ROUND(DA13*DB35/ОКРУГЛЕННЯ,0)*ОКРУГЛЕННЯ) | DD13: =IF(OR(DC13="",DD35=""),"",ROUND(DC13*DD35/ОКРУГЛЕННЯ,0)*ОКРУГЛЕННЯ) | DF13: =IF(OR(DE13="",DF35=""),"",ROUND(DE13*DF35/ОКРУГЛЕННЯ,0)*ОКРУГЛЕННЯ) | DH13: =IF(OR(DG13="",DH35=""),"",ROUND(DG13*DH35/ОКРУГЛЕННЯ,0)*ОКРУГЛЕННЯ) | DJ13: =IF(OR(DI13="",DJ35=""),"",ROUND(DI13*DJ35/ОКРУГЛЕННЯ,0)*ОКРУГЛЕННЯ) | DL13: =IF(OR(DK13="",DL35=""),"",ROUND(DK13*DL35/ОКРУГЛЕННЯ,0)*ОКРУГЛЕННЯ) | DN13: =IF(OR(DM13="",DN35=""),"",ROUND(DM13*DN35/ОКРУГЛЕННЯ,0)*ОКРУГЛЕННЯ) | DP13: =IF(OR(DO13="",DP35=""),"",ROUND(DO13*DP35/ОКРУГЛЕННЯ,0)*ОКРУГЛЕННЯ) | DR13: =IF(OR(DQ13="",DR35=""),"",ROUND(DQ13*DR35/ОКРУГЛЕННЯ,0)*ОКРУГЛЕННЯ) | DT13: =IF(OR(DS13="",DT35=""),"",ROUND(DS13*DT35/ОКРУГЛЕННЯ,0)*ОКРУГЛЕННЯ) | DV13: =IF(OR(DU13="",DV35=""),"",ROUND(DU13*DV35/ОКРУГЛЕННЯ,0)*ОКРУГЛЕННЯ) | DX13: =IF(OR(DW13="",DX35=""),"",ROUND(DW13*DX35/ОКРУГЛЕННЯ,0)*ОКРУГЛЕННЯ)
A14: Осінь 2026 (30-40%) | D14: Чернетка | F14: Rack Rate | G14: 0 | H14: Апартаменти стандартні 20 м² | I14: 2900 | J14: =IF(OR(I14="",J40=""),"",ROUND(I14*J40/ОКРУГЛЕННЯ,0)*ОКРУГЛЕННЯ) -> 3200 | K14: 3385 | L14: =IF(OR(K14="",L40=""),"",ROUND(K14*L40/ОКРУГЛЕННЯ,0)*ОКРУГЛЕННЯ) -> 3724 | M14: 2370 | N14: =IF(OR(M14="",N40=""),"",ROUND(M14*N40/ОКРУГЛЕННЯ,0)*ОКРУГЛЕННЯ) -> 2607 | O14: 2539 | P14: =IF(OR(O14="",P40=""),"",ROUND(O14*P40/ОКРУГЛЕННЯ,0)*ОКРУГЛЕННЯ) -> 2793 | Q14: 2600 | R14: =IF(OR(Q14="",R40=""),"",ROUND(Q14*R40/ОКРУГЛЕННЯ,0)*ОКРУГЛЕННЯ) -> 2860 | T14: =IF(OR(S14="",T40=""),"",ROUND(S14*T40/ОКРУГЛЕННЯ,0)*ОКРУГЛЕННЯ) | U14: 2700 | V14: =IF(OR(U14="",V40=""),"",ROUND(U14*V40/ОКРУГЛЕННЯ,0)*ОКРУГЛЕННЯ) -> 2970 | X14: =IF(OR(W14="",X40=""),"",ROUND(W14*X40/ОКРУГЛЕННЯ,0)*ОКРУГЛЕННЯ) | Z14: =IF(OR(Y14="",Z40=""),"",ROUND(Y14*Z40/ОКРУГЛЕННЯ,0)*ОКРУГЛЕННЯ) | AB14: =IF(OR(AA14="",AB40=""),"",ROUND(AA14*AB40/ОКРУГЛЕННЯ,0)*ОКРУГЛЕННЯ) | AD14: =IF(OR(AC14="",AD40=""),"",ROUND(AC14*AD40/ОКРУГЛЕННЯ,0)*ОКРУГЛЕННЯ) | AF14: =IF(OR(AE14="",AF40=""),"",ROUND(AE14*AF40/ОКРУГЛЕННЯ,0)*ОКРУГЛЕННЯ) | AH14: =IF(OR(AG14="",AH40=""),"",ROUND(AG14*AH40/ОКРУГЛЕННЯ,0)*ОКРУГЛЕННЯ) | AJ14: =IF(OR(AI14="",AJ40=""),"",ROUND(AI14*AJ40/ОКРУГЛЕННЯ,0)*ОКРУГЛЕННЯ) | AL14: =IF(OR(AK14="",AL40=""),"",ROUND(AK14*AL40/ОКРУГЛЕННЯ,0)*ОКРУГЛЕННЯ) | AN14: =IF(OR(AM14="",AN40=""),"",ROUND(AM14*AN40/ОКРУГЛЕННЯ,0)*ОКРУГЛЕННЯ) | AP14: =IF(OR(AO14="",AP40=""),"",ROUND(AO14*AP40/ОКРУГЛЕННЯ,0)*ОКРУГЛЕННЯ) | AR14: =IF(OR(AQ14="",AR40=""),"",ROUND(AQ14*AR40/ОКРУГЛЕННЯ,0)*ОКРУГЛЕННЯ) | AT14: =IF(OR(AS14="",AT40=""),"",ROUND(AS14*AT40/ОКРУГЛЕННЯ,0)*ОКРУГЛЕННЯ) | AV14: =IF(OR(AU14="",AV40=""),"",ROUND(AU14*AV40/ОКРУГЛЕННЯ,0)*ОКРУГЛЕННЯ) | AX14: =IF(OR(AW14="",AX40=""),"",ROUND(AW14*AX40/ОКРУГЛЕННЯ,0)*ОКРУГЛЕННЯ) | AZ14: =IF(OR(AY14="",AZ40=""),"",ROUND(AY14*AZ40/ОКРУГЛЕННЯ,0)*ОКРУГЛЕННЯ) | BB14: =IF(OR(BA14="",BB40=""),"",ROUND(BA14*BB40/ОКРУГЛЕННЯ,0)*ОКРУГЛЕННЯ) | BD14: =IF(OR(BC14="",BD40=""),"",ROUND(BC14*BD40/ОКРУГЛЕННЯ,0)*ОКРУГЛЕННЯ) | BF14: =IF(OR(BE14="",BF40=""),"",ROUND(BE14*BF40/ОКРУГЛЕННЯ,0)*ОКРУГЛЕННЯ) | BH14: =IF(OR(BG14="",BH40=""),"",ROUND(BG14*BH40/ОКРУГЛЕННЯ,0)*ОКРУГЛЕННЯ) | BJ14: =IF(OR(BI14="",BJ40=""),"",ROUND(BI14*BJ40/ОКРУГЛЕННЯ,0)*ОКРУГЛЕННЯ) | BL14: =IF(OR(BK14="",BL40=""),"",ROUND(BK14*BL40/ОКРУГЛЕННЯ,0)*ОКРУГЛЕННЯ) | BN14: =IF(OR(BM14="",BN40=""),"",ROUND(BM14*BN40/ОКРУГЛЕННЯ,0)*ОКРУГЛЕННЯ) | BP14: =IF(OR(BO14="",BP40=""),"",ROUND(BO14*BP40/ОКРУГЛЕННЯ,0)*ОКРУГЛЕННЯ) | BR14: =IF(OR(BQ14="",BR40=""),"",ROUND(BQ14*BR40/ОКРУГЛЕННЯ,0)*ОКРУГЛЕННЯ) | BT14: =IF(OR(BS14="",BT40=""),"",ROUND(BS14*BT40/ОКРУГЛЕННЯ,0)*ОКРУГЛЕННЯ) | BV14: =IF(OR(BU14="",BV40=""),"",ROUND(BU14*BV40/ОКРУГЛЕННЯ,0)*ОКРУГЛЕННЯ) | BX14: =IF(OR(BW14="",BX40=""),"",ROUND(BW14*BX40/ОКРУГЛЕННЯ,0)*ОКРУГЛЕННЯ) | BZ14: =IF(OR(BY14="",BZ40=""),"",ROUND(BY14*BZ40/ОКРУГЛЕННЯ,0)*ОКРУГЛЕННЯ) | CB14: =IF(OR(CA14="",CB40=""),"",ROUND(CA14*CB40/ОКРУГЛЕННЯ,0)*ОКРУГЛЕННЯ) | CD14: =IF(OR(CC14="",CD40=""),"",ROUND(CC14*CD40/ОКРУГЛЕННЯ,0)*ОКРУГЛЕННЯ) | CF14: =IF(OR(CE14="",CF40=""),"",ROUND(CE14*CF40/ОКРУГЛЕННЯ,0)*ОКРУГЛЕННЯ) | CH14: =IF(OR(CG14="",CH40=""),"",ROUND(CG14*CH40/ОКРУГЛЕННЯ,0)*ОКРУГЛЕННЯ) | CJ14: =IF(OR(CI14="",CJ40=""),"",ROUND(CI14*CJ40/ОКРУГЛЕННЯ,0)*ОКРУГЛЕННЯ) | CL14: =IF(OR(CK14="",CL40=""),"",ROUND(CK14*CL40/ОКРУГЛЕННЯ,0)*ОКРУГЛЕННЯ) | CN14: =IF(OR(CM14="",CN40=""),"",ROUND(CM14*CN40/ОКРУГЛЕННЯ,0)*ОКРУГЛЕННЯ) | CP14: =IF(OR(CO14="",CP40=""),"",ROUND(CO14*CP40/ОКРУГЛЕННЯ,0)*ОКРУГЛЕННЯ) | CR14: =IF(OR(CQ14="",CR40=""),"",ROUND(CQ14*CR40/ОКРУГЛЕННЯ,0)*ОКРУГЛЕННЯ) | CT14: =IF(OR(CS14="",CT40=""),"",ROUND(CS14*CT40/ОКРУГЛЕННЯ,0)*ОКРУГЛЕННЯ) | CV14: =IF(OR(CU14="",CV40=""),"",ROUND(CU14*CV40/ОКРУГЛЕННЯ,0)*ОКРУГЛЕННЯ) | CX14: =IF(OR(CW14="",CX40=""),"",ROUND(CW14*CX40/ОКРУГЛЕННЯ,0)*ОКРУГЛЕННЯ) | CZ14: =IF(OR(CY14="",CZ40=""),"",ROUND(CY14*CZ40/ОКРУГЛЕННЯ,0)*ОКРУГЛЕННЯ) | DB14: =IF(OR(DA14="",DB40=""),"",ROUND(DA14*DB40/ОКРУГЛЕННЯ,0)*ОКРУГЛЕННЯ) | DD14: =IF(OR(DC14="",DD40=""),"",ROUND(DC14*DD40/ОКРУГЛЕННЯ,0)*ОКРУГЛЕННЯ) | DF14: =IF(OR(DE14="",DF40=""),"",ROUND(DE14*DF40/ОКРУГЛЕННЯ,0)*ОКРУГЛЕННЯ) | DH14: =IF(OR(DG14="",DH40=""),"",ROUND(DG14*DH40/ОКРУГЛЕННЯ,0)*ОКРУГЛЕННЯ) | DJ14: =IF(OR(DI14="",DJ40=""),"",ROUND(DI14*DJ40/ОКРУГЛЕННЯ,0)*ОКРУГЛЕННЯ) | DL14: =IF(OR(DK14="",DL40=""),"",ROUND(DK14*DL40/ОКРУГЛЕННЯ,0)*ОКРУГЛЕННЯ) | DN14: =IF(OR(DM14="",DN40=""),"",ROUND(DM14*DN40/ОКРУГЛЕННЯ,0)*ОКРУГЛЕННЯ) | DP14: =IF(OR(DO14="",DP40=""),"",ROUND(DO14*DP40/ОКРУГЛЕННЯ,0)*ОКРУГЛЕННЯ) | DR14: =IF(OR(DQ14="",DR40=""),"",ROUND(DQ14*DR40/ОКРУГЛЕННЯ,0)*ОКРУГЛЕННЯ) | DT14: =IF(OR(DS14="",DT40=""),"",ROUND(DS14*DT40/ОКРУГЛЕННЯ,0)*ОКРУГЛЕННЯ) | DV14: =IF(OR(DU14="",DV40=""),"",ROUND(DU14*DV40/ОКРУГЛЕННЯ,0)*ОКРУГЛЕННЯ) | DX14: =IF(OR(DW14="",DX40=""),"",ROUND(DW14*DX40/ОКРУГЛЕННЯ,0)*ОКРУГЛЕННЯ)
A15: Осінь 2026 (Канікули) 30-40% | D15: Чернетка | F15: Раннє бронювання -10% | G15: 0.1 | H15: Апартаменти 1-й поверх 45 м² | I15: 4200 | J15: =IF(OR(I15="",J45=""),"",ROUND(I15*J45/ОКРУГЛЕННЯ,0)*ОКРУГЛЕННЯ) -> 4500 | K15: 4185 | L15: =IF(OR(K15="",L45=""),"",ROUND(K15*L45/ОКРУГЛЕННЯ,0)*ОКРУГЛЕННЯ) -> 4478 | M15: 2930 | N15: =IF(OR(M15="",N45=""),"",ROUND(M15*N45/ОКРУГЛЕННЯ,0)*ОКРУГЛЕННЯ) -> 3135 | O15: 3348 | P15: =IF(OR(O15="",P45=""),"",ROUND(O15*P45/ОКРУГЛЕННЯ,0)*ОКРУГЛЕННЯ) -> 3582 | Q15: 3400 | R15: =IF(OR(Q15="",R45=""),"",ROUND(Q15*R45/ОКРУГЛЕННЯ,0)*ОКРУГЛЕННЯ) -> 3638 | T15: =IF(OR(S15="",T45=""),"",ROUND(S15*T45/ОКРУГЛЕННЯ,0)*ОКРУГЛЕННЯ) | U15: 3400 | V15: =IF(OR(U15="",V45=""),"",ROUND(U15*V45/ОКРУГЛЕННЯ,0)*ОКРУГЛЕННЯ) -> 3638 | X15: =IF(OR(W15="",X45=""),"",ROUND(W15*X45/ОКРУГЛЕННЯ,0)*ОКРУГЛЕННЯ) | Z15: =IF(OR(Y15="",Z45=""),"",ROUND(Y15*Z45/ОКРУГЛЕННЯ,0)*ОКРУГЛЕННЯ) | AB15: =IF(OR(AA15="",AB45=""),"",ROUND(AA15*AB45/ОКРУГЛЕННЯ,0)*ОКРУГЛЕННЯ) | AD15: =IF(OR(AC15="",AD45=""),"",ROUND(AC15*AD45/ОКРУГЛЕННЯ,0)*ОКРУГЛЕННЯ) | AF15: =IF(OR(AE15="",AF45=""),"",ROUND(AE15*AF45/ОКРУГЛЕННЯ,0)*ОКРУГЛЕННЯ) | AH15: =IF(OR(AG15="",AH45=""),"",ROUND(AG15*AH45/ОКРУГЛЕННЯ,0)*ОКРУГЛЕННЯ) | AJ15: =IF(OR(AI15="",AJ45=""),"",ROUND(AI15*AJ45/ОКРУГЛЕННЯ,0)*ОКРУГЛЕННЯ) | AL15: =IF(OR(AK15="",AL45=""),"",ROUND(AK15*AL45/ОКРУГЛЕННЯ,0)*ОКРУГЛЕННЯ) | AN15: =IF(OR(AM15="",AN45=""),"",ROUND(AM15*AN45/ОКРУГЛЕННЯ,0)*ОКРУГЛЕННЯ) | AP15: =IF(OR(AO15="",AP45=""),"",ROUND(AO15*AP45/ОКРУГЛЕННЯ,0)*ОКРУГЛЕННЯ) | AR15: =IF(OR(AQ15="",AR45=""),"",ROUND(AQ15*AR45/ОКРУГЛЕННЯ,0)*ОКРУГЛЕННЯ) | AT15: =IF(OR(AS15="",AT45=""),"",ROUND(AS15*AT45/ОКРУГЛЕННЯ,0)*ОКРУГЛЕННЯ) | AV15: =IF(OR(AU15="",AV45=""),"",ROUND(AU15*AV45/ОКРУГЛЕННЯ,0)*ОКРУГЛЕННЯ) | AX15: =IF(OR(AW15="",AX45=""),"",ROUND(AW15*AX45/ОКРУГЛЕННЯ,0)*ОКРУГЛЕННЯ) | AZ15: =IF(OR(AY15="",AZ45=""),"",ROUND(AY15*AZ45/ОКРУГЛЕННЯ,0)*ОКРУГЛЕННЯ) | BB15: =IF(OR(BA15="",BB45=""),"",ROUND(BA15*BB45/ОКРУГЛЕННЯ,0)*ОКРУГЛЕННЯ) | BD15: =IF(OR(BC15="",BD45=""),"",ROUND(BC15*BD45/ОКРУГЛЕННЯ,0)*ОКРУГЛЕННЯ) | BF15: =IF(OR(BE15="",BF45=""),"",ROUND(BE15*BF45/ОКРУГЛЕННЯ,0)*ОКРУГЛЕННЯ) | BH15: =IF(OR(BG15="",BH45=""),"",ROUND(BG15*BH45/ОКРУГЛЕННЯ,0)*ОКРУГЛЕННЯ) | BJ15: =IF(OR(BI15="",BJ45=""),"",ROUND(BI15*BJ45/ОКРУГЛЕННЯ,0)*ОКРУГЛЕННЯ) | BL15: =IF(OR(BK15="",BL45=""),"",ROUND(BK15*BL45/ОКРУГЛЕННЯ,0)*ОКРУГЛЕННЯ) | BN15: =IF(OR(BM15="",BN45=""),"",ROUND(BM15*BN45/ОКРУГЛЕННЯ,0)*ОКРУГЛЕННЯ) | BP15: =IF(OR(BO15="",BP45=""),"",ROUND(BO15*BP45/ОКРУГЛЕННЯ,0)*ОКРУГЛЕННЯ) | BR15: =IF(OR(BQ15="",BR45=""),"",ROUND(BQ15*BR45/ОКРУГЛЕННЯ,0)*ОКРУГЛЕННЯ) | BT15: =IF(OR(BS15="",BT45=""),"",ROUND(BS15*BT45/ОКРУГЛЕННЯ,0)*ОКРУГЛЕННЯ) | BV15: =IF(OR(BU15="",BV45=""),"",ROUND(BU15*BV45/ОКРУГЛЕННЯ,0)*ОКРУГЛЕННЯ) | BX15: =IF(OR(BW15="",BX45=""),"",ROUND(BW15*BX45/ОКРУГЛЕННЯ,0)*ОКРУГЛЕННЯ) | BZ15: =IF(OR(BY15="",BZ45=""),"",ROUND(BY15*BZ45/ОКРУГЛЕННЯ,0)*ОКРУГЛЕННЯ) | CB15: =IF(OR(CA15="",CB45=""),"",ROUND(CA15*CB45/ОКРУГЛЕННЯ,0)*ОКРУГЛЕННЯ) | CD15: =IF(OR(CC15="",CD45=""),"",ROUND(CC15*CD45/ОКРУГЛЕННЯ,0)*ОКРУГЛЕННЯ) | CF15: =IF(OR(CE15="",CF45=""),"",ROUND(CE15*CF45/ОКРУГЛЕННЯ,0)*ОКРУГЛЕННЯ) | CH15: =IF(OR(CG15="",CH45=""),"",ROUND(CG15*CH45/ОКРУГЛЕННЯ,0)*ОКРУГЛЕННЯ) | CJ15: =IF(OR(CI15="",CJ45=""),"",ROUND(CI15*CJ45/ОКРУГЛЕННЯ,0)*ОКРУГЛЕННЯ) | CL15: =IF(OR(CK15="",CL45=""),"",ROUND(CK15*CL45/ОКРУГЛЕННЯ,0)*ОКРУГЛЕННЯ) | CN15: =IF(OR(CM15="",CN45=""),"",ROUND(CM15*CN45/ОКРУГЛЕННЯ,0)*ОКРУГЛЕННЯ) | CP15: =IF(OR(CO15="",CP45=""),"",ROUND(CO15*CP45/ОКРУГЛЕННЯ,0)*ОКРУГЛЕННЯ) | CR15: =IF(OR(CQ15="",CR45=""),"",ROUND(CQ15*CR45/ОКРУГЛЕННЯ,0)*ОКРУГЛЕННЯ) | CT15: =IF(OR(CS15="",CT45=""),"",ROUND(CS15*CT45/ОКРУГЛЕННЯ,0)*ОКРУГЛЕННЯ) | CV15: =IF(OR(CU15="",CV45=""),"",ROUND(CU15*CV45/ОКРУГЛЕННЯ,0)*ОКРУГЛЕННЯ) | CX15: =IF(OR(CW15="",CX45=""),"",ROUND(CW15*CX45/ОКРУГЛЕННЯ,0)*ОКРУГЛЕННЯ) | CZ15: =IF(OR(CY15="",CZ45=""),"",ROUND(CY15*CZ45/ОКРУГЛЕННЯ,0)*ОКРУГЛЕННЯ) | DB15: =IF(OR(DA15="",DB45=""),"",ROUND(DA15*DB45/ОКРУГЛЕННЯ,0)*ОКРУГЛЕННЯ) | DD15: =IF(OR(DC15="",DD45=""),"",ROUND(DC15*DD45/ОКРУГЛЕННЯ,0)*ОКРУГЛЕННЯ) | DF15: =IF(OR(DE15="",DF45=""),"",ROUND(DE15*DF45/ОКРУГЛЕННЯ,0)*ОКРУГЛЕННЯ) | DH15: =IF(OR(DG15="",DH45=""),"",ROUND(DG15*DH45/ОКРУГЛЕННЯ,0)*ОКРУГЛЕННЯ) | DJ15: =IF(OR(DI15="",DJ45=""),"",ROUND(DI15*DJ45/ОКРУГЛЕННЯ,0)*ОКРУГЛЕННЯ) | DL15: =IF(OR(DK15="",DL45=""),"",ROUND(DK15*DL45/ОКРУГЛЕННЯ,0)*ОКРУГЛЕННЯ) | DN15: =IF(OR(DM15="",DN45=""),"",ROUND(DM15*DN45/ОКРУГЛЕННЯ,0)*ОКРУГЛЕННЯ) | DP15: =IF(OR(DO15="",DP45=""),"",ROUND(DO15*DP45/ОКРУГЛЕННЯ,0)*ОКРУГЛЕННЯ) | DR15: =IF(OR(DQ15="",DR45=""),"",ROUND(DQ15*DR45/ОКРУГЛЕННЯ,0)*ОКРУГЛЕННЯ) | DT15: =IF(OR(DS15="",DT45=""),"",ROUND(DS15*DT45/ОКРУГЛЕННЯ,0)*ОКРУГЛЕННЯ) | DV15: =IF(OR(DU15="",DV45=""),"",ROUND(DU15*DV45/ОКРУГЛЕННЯ,0)*ОКРУГЛЕННЯ) | DX15: =IF(OR(DW15="",DX45=""),"",ROUND(DW15*DX45/ОКРУГЛЕННЯ,0)*ОКРУГЛЕННЯ)
A16: Осінь 2026 (40-50%) | D16: Чернетка | F16: NON REF -20% | G16: 0.2
A17: Осінь 2026 (Канікули) 40-50% | D17: Чернетка | F17: HAPPY -15% | G17: 0.15 | H17: Δ МІЖ ОПОРНИМИ КАТЕГОРІЯМИ (варіант A)
A18: Осінь 2026 (50-60%) | D18: Чернетка | F18: Військовий -30% | G18: 0.3 | H18: Порівняння | I18: Δ грн | J18: Δ % | K18: Δ грн | L18: Δ % | M18: Δ грн | N18: Δ % | O18: Δ грн | P18: Δ % | Q18: Δ грн | R18: Δ % | S18: Δ грн | T18: Δ % | U18: Δ грн | V18: Δ % | W18: Δ грн | X18: Δ % | Y18: Δ грн | Z18: Δ % | AA18: Δ грн | AB18: Δ % | AC18: Δ грн | AD18: Δ % | AE18: Δ грн | AF18: Δ % | AG18: Δ грн | AH18: Δ % | AI18: Δ грн | AJ18: Δ % | AK18: Δ грн | AL18: Δ % | AM18: Δ грн | AN18: Δ % | AO18: Δ грн | AP18: Δ % | AQ18: Δ грн | AR18: Δ % | AS18: Δ грн | AT18: Δ % | AU18: Δ грн | AV18: Δ % | AW18: Δ грн | AX18: Δ % | AY18: Δ грн | AZ18: Δ % | BA18: Δ грн | BB18: Δ % | BC18: Δ грн | BD18: Δ % | BE18: Δ грн | BF18: Δ % | BG18: Δ грн | BH18: Δ % | BI18: Δ грн | BJ18: Δ % | BK18: Δ грн | BL18: Δ % | BM18: Δ грн | BN18: Δ % | BO18: Δ грн | BP18: Δ % | BQ18: Δ грн | BR18: Δ % | BS18: Δ грн | BT18: Δ % | BU18: Δ грн | BV18: Δ % | BW18: Δ грн | BX18: Δ % | BY18: Δ грн | BZ18: Δ % | CA18: Δ грн | CB18: Δ % | CC18: Δ грн | CD18: Δ % | CE18: Δ грн | CF18: Δ % | CG18: Δ грн | CH18: Δ % | CI18: Δ грн | CJ18: Δ % | CK18: Δ грн | CL18: Δ % | CM18: Δ грн | CN18: Δ % | CO18: Δ грн | CP18: Δ % | CQ18: Δ грн | CR18: Δ % | CS18: Δ грн | CT18: Δ % | CU18: Δ грн | CV18: Δ % | CW18: Δ грн | CX18: Δ % | CY18: Δ грн | CZ18: Δ % | DA18: Δ грн | DB18: Δ % | DC18: Δ грн | DD18: Δ % | DE18: Δ грн | DF18: Δ % | DG18: Δ грн | DH18: Δ % | DI18: Δ грн | DJ18: Δ % | DK18: Δ грн | DL18: Δ % | DM18: Δ грн | DN18: Δ % | DO18: Δ грн | DP18: Δ % | DQ18: Δ грн | DR18: Δ % | DS18: Δ грн | DT18: Δ % | DU18: Δ грн | DV18: Δ % | DW18: Δ грн | DX18: Δ %
A19: Осінь 2026 (Канікули) 50-60% | D19: Чернетка | F19: Інвестор -70% | G19: 0.7 | H19: Котедж комфорт класу ↔ Міні-котедж | I19: =IF(OR(I13="",I12=""),"",I13-I12) -> 1570 | J19: =IF(OR(I13="",I12="",I12=0),"",I13/I12-1) -> 0.28390597 | K19: =IF(OR(K13="",K12=""),"",K13-K12) -> 2260 | L19: =IF(OR(K13="",K12="",K12=0),"",K13/K12-1) -> 0.31652661 | M19: =IF(OR(M13="",M12=""),"",M13-M12) -> 1582 | N19: =IF(OR(M13="",M12="",M12=0),"",M13/M12-1) -> 0.31652661 | O19: =IF(OR(O13="",O12=""),"",O13-O12) -> 1695 | P19: =IF(OR(O13="",O12="",O12=0),"",O13/O12-1) -> 0.31652661 | Q19: =IF(OR(Q13="",Q12=""),"",Q13-Q12) -> 1700 | R19: =IF(OR(Q13="",Q12="",Q12=0),"",Q13/Q12-1) -> 0.31481481 | S19: =IF(OR(S13="",S12=""),"",S13-S12) | T19: =IF(OR(S13="",S12="",S12=0),"",S13/S12-1) | U19: =IF(OR(U13="",U12=""),"",U13-U12) -> 1820 | V19: =IF(OR(U13="",U12="",U12=0),"",U13/U12-1) -> 0.31929825 | W19: =IF(OR(W13="",W12=""),"",W13-W12) | X19: =IF(OR(W13="",W12="",W12=0),"",W13/W12-1) | Y19: =IF(OR(Y13="",Y12=""),"",Y13-Y12) | Z19: =IF(OR(Y13="",Y12="",Y12=0),"",Y13/Y12-1) | AA19: =IF(OR(AA13="",AA12=""),"",AA13-AA12) | AB19: =IF(OR(AA13="",AA12="",AA12=0),"",AA13/AA12-1) | AC19: =IF(OR(AC13="",AC12=""),"",AC13-AC12) | AD19: =IF(OR(AC13="",AC12="",AC12=0),"",AC13/AC12-1) | AE19: =IF(OR(AE13="",AE12=""),"",AE13-AE12) | AF19: =IF(OR(AE13="",AE12="",AE12=0),"",AE13/AE12-1) | AG19: =IF(OR(AG13="",AG12=""),"",AG13-AG12) | AH19: =IF(OR(AG13="",AG12="",AG12=0),"",AG13/AG12-1) | AI19: =IF(OR(AI13="",AI12=""),"",AI13-AI12) | AJ19: =IF(OR(AI13="",AI12="",AI12=0),"",AI13/AI12-1) | AK19: =IF(OR(AK13="",AK12=""),"",AK13-AK12) | AL19: =IF(OR(AK13="",AK12="",AK12=0),"",AK13/AK12-1) | AM19: =IF(OR(AM13="",AM12=""),"",AM13-AM12) | AN19: =IF(OR(AM13="",AM12="",AM12=0),"",AM13/AM12-1) | AO19: =IF(OR(AO13="",AO12=""),"",AO13-AO12) | AP19: =IF(OR(AO13="",AO12="",AO12=0),"",AO13/AO12-1) | AQ19: =IF(OR(AQ13="",AQ12=""),"",AQ13-AQ12) | AR19: =IF(OR(AQ13="",AQ12="",AQ12=0),"",AQ13/AQ12-1) | AS19: =IF(OR(AS13="",AS12=""),"",AS13-AS12) | AT19: =IF(OR(AS13="",AS12="",AS12=0),"",AS13/AS12-1) | AU19: =IF(OR(AU13="",AU12=""),"",AU13-AU12) | AV19: =IF(OR(AU13="",AU12="",AU12=0),"",AU13/AU12-1) | AW19: =IF(OR(AW13="",AW12=""),"",AW13-AW12) | AX19: =IF(OR(AW13="",AW12="",AW12=0),"",AW13/AW12-1) | AY19: =IF(OR(AY13="",AY12=""),"",AY13-AY12) | AZ19: =IF(OR(AY13="",AY12="",AY12=0),"",AY13/AY12-1) | BA19: =IF(OR(BA13="",BA12=""),"",BA13-BA12) | BB19: =IF(OR(BA13="",BA12="",BA12=0),"",BA13/BA12-1) | BC19: =IF(OR(BC13="",BC12=""),"",BC13-BC12) | BD19: =IF(OR(BC13="",BC12="",BC12=0),"",BC13/BC12-1) | BE19: =IF(OR(BE13="",BE12=""),"",BE13-BE12) | BF19: =IF(OR(BE13="",BE12="",BE12=0),"",BE13/BE12-1) | BG19: =IF(OR(BG13="",BG12=""),"",BG13-BG12) | BH19: =IF(OR(BG13="",BG12="",BG12=0),"",BG13/BG12-1) | BI19: =IF(OR(BI13="",BI12=""),"",BI13-BI12) | BJ19: =IF(OR(BI13="",BI12="",BI12=0),"",BI13/BI12-1) | BK19: =IF(OR(BK13="",BK12=""),"",BK13-BK12) | BL19: =IF(OR(BK13="",BK12="",BK12=0),"",BK13/BK12-1) | BM19: =IF(OR(BM13="",BM12=""),"",BM13-BM12) | BN19: =IF(OR(BM13="",BM12="",BM12=0),"",BM13/BM12-1) | BO19: =IF(OR(BO13="",BO12=""),"",BO13-BO12) | BP19: =IF(OR(BO13="",BO12="",BO12=0),"",BO13/BO12-1) | BQ19: =IF(OR(BQ13="",BQ12=""),"",BQ13-BQ12) | BR19: =IF(OR(BQ13="",BQ12="",BQ12=0),"",BQ13/BQ12-1) | BS19: =IF(OR(BS13="",BS12=""),"",BS13-BS12) | BT19: =IF(OR(BS13="",BS12="",BS12=0),"",BS13/BS12-1) | BU19: =IF(OR(BU13="",BU12=""),"",BU13-BU12) | BV19: =IF(OR(BU13="",BU12="",BU12=0),"",BU13/BU12-1) | BW19: =IF(OR(BW13="",BW12=""),"",BW13-BW12) | BX19: =IF(OR(BW13="",BW12="",BW12=0),"",BW13/BW12-1) | BY19: =IF(OR(BY13="",BY12=""),"",BY13-BY12) | BZ19: =IF(OR(BY13="",BY12="",BY12=0),"",BY13/BY12-1) | CA19: =IF(OR(CA13="",CA12=""),"",CA13-CA12) | CB19: =IF(OR(CA13="",CA12="",CA12=0),"",CA13/CA12-1) | CC19: =IF(OR(CC13="",CC12=""),"",CC13-CC12) | CD19: =IF(OR(CC13="",CC12="",CC12=0),"",CC13/CC12-1) | CE19: =IF(OR(CE13="",CE12=""),"",CE13-CE12) | CF19: =IF(OR(CE13="",CE12="",CE12=0),"",CE13/CE12-1) | CG19: =IF(OR(CG13="",CG12=""),"",CG13-CG12) | CH19: =IF(OR(CG13="",CG12="",CG12=0),"",CG13/CG12-1) | CI19: =IF(OR(CI13="",CI12=""),"",CI13-CI12) | CJ19: =IF(OR(CI13="",CI12="",CI12=0),"",CI13/CI12-1) | CK19: =IF(OR(CK13="",CK12=""),"",CK13-CK12) | CL19: =IF(OR(CK13="",CK12="",CK12=0),"",CK13/CK12-1) | CM19: =IF(OR(CM13="",CM12=""),"",CM13-CM12) | CN19: =IF(OR(CM13="",CM12="",CM12=0),"",CM13/CM12-1) | CO19: =IF(OR(CO13="",CO12=""),"",CO13-CO12) | CP19: =IF(OR(CO13="",CO12="",CO12=0),"",CO13/CO12-1) | CQ19: =IF(OR(CQ13="",CQ12=""),"",CQ13-CQ12) | CR19: =IF(OR(CQ13="",CQ12="",CQ12=0),"",CQ13/CQ12-1) | CS19: =IF(OR(CS13="",CS12=""),"",CS13-CS12) | CT19: =IF(OR(CS13="",CS12="",CS12=0),"",CS13/CS12-1) | CU19: =IF(OR(CU13="",CU12=""),"",CU13-CU12) | CV19: =IF(OR(CU13="",CU12="",CU12=0),"",CU13/CU12-1) | CW19: =IF(OR(CW13="",CW12=""),"",CW13-CW12) | CX19: =IF(OR(CW13="",CW12="",CW12=0),"",CW13/CW12-1) | CY19: =IF(OR(CY13="",CY12=""),"",CY13-CY12) | CZ19: =IF(OR(CY13="",CY12="",CY12=0),"",CY13/CY12-1) | DA19: =IF(OR(DA13="",DA12=""),"",DA13-DA12) | DB19: =IF(OR(DA13="",DA12="",DA12=0),"",DA13/DA12-1) | DC19: =IF(OR(DC13="",DC12=""),"",DC13-DC12) | DD19: =IF(OR(DC13="",DC12="",DC12=0),"",DC13/DC12-1) | DE19: =IF(OR(DE13="",DE12=""),"",DE13-DE12) | DF19: =IF(OR(DE13="",DE12="",DE12=0),"",DE13/DE12-1) | DG19: =IF(OR(DG13="",DG12=""),"",DG13-DG12) | DH19: =IF(OR(DG13="",DG12="",DG12=0),"",DG13/DG12-1) | DI19: =IF(OR(DI13="",DI12=""),"",DI13-DI12) | DJ19: =IF(OR(DI13="",DI12="",DI12=0),"",DI13/DI12-1) | DK19: =IF(OR(DK13="",DK12=""),"",DK13-DK12) | DL19: =IF(OR(DK13="",DK12="",DK12=0),"",DK13/DK12-1) | DM19: =IF(OR(DM13="",DM12=""),"",DM13-DM12) | DN19: =IF(OR(DM13="",DM12="",DM12=0),"",DM13/DM12-1) | DO19: =IF(OR(DO13="",DO12=""),"",DO13-DO12) | DP19: =IF(OR(DO13="",DO12="",DO12=0),"",DO13/DO12-1) | DQ19: =IF(OR(DQ13="",DQ12=""),"",DQ13-DQ12) | DR19: =IF(OR(DQ13="",DQ12="",DQ12=0),"",DQ13/DQ12-1) | DS19: =IF(OR(DS13="",DS12=""),"",DS13-DS12) | DT19: =IF(OR(DS13="",DS12="",DS12=0),"",DS13/DS12-1) | DU19: =IF(OR(DU13="",DU12=""),"",DU13-DU12) | DV19: =IF(OR(DU13="",DU12="",DU12=0),"",DU13/DU12-1) | DW19: =IF(OR(DW13="",DW12=""),"",DW13-DW12) | DX19: =IF(OR(DW13="",DW12="",DW12=0),"",DW13/DW12-1)
H20: Апартаменти стандартні 20 м² ↔ Міні-котедж | I20: =IF(OR(I14="",I12=""),"",I14-I12) -> -2630 | J20: =IF(OR(I14="",I12="",I12=0),"",I14/I12-1) -> -0.4755877 | K20: =IF(OR(K14="",K12=""),"",K14-K12) -> -3755 | L20: =IF(OR(K14="",K12="",K12=0),"",K14/K12-1) -> -0.52591036 | M20: =IF(OR(M14="",M12=""),"",M14-M12) -> -2628 | N20: =IF(OR(M14="",M12="",M12=0),"",M14/M12-1) -> -0.52581032 | O20: =IF(OR(O14="",O12=""),"",O14-O12) -> -2816 | P20: =IF(OR(O14="",O12="",O12=0),"",O14/O12-1) -> -0.52586368 | Q20: =IF(OR(Q14="",Q12=""),"",Q14-Q12) -> -2800 | R20: =IF(OR(Q14="",Q12="",Q12=0),"",Q14/Q12-1) -> -0.51851852 | S20: =IF(OR(S14="",S12=""),"",S14-S12) | T20: =IF(OR(S14="",S12="",S12=0),"",S14/S12-1) | U20: =IF(OR(U14="",U12=""),"",U14-U12) -> -3000 | V20: =IF(OR(U14="",U12="",U12=0),"",U14/U12-1) -> -0.52631579 | W20: =IF(OR(W14="",W12=""),"",W14-W12) | X20: =IF(OR(W14="",W12="",W12=0),"",W14/W12-1) | Y20: =IF(OR(Y14="",Y12=""),"",Y14-Y12) | Z20: =IF(OR(Y14="",Y12="",Y12=0),"",Y14/Y12-1) | AA20: =IF(OR(AA14="",AA12=""),"",AA14-AA12) | AB20: =IF(OR(AA14="",AA12="",AA12=0),"",AA14/AA12-1) | AC20: =IF(OR(AC14="",AC12=""),"",AC14-AC12) | AD20: =IF(OR(AC14="",AC12="",AC12=0),"",AC14/AC12-1) | AE20: =IF(OR(AE14="",AE12=""),"",AE14-AE12) | AF20: =IF(OR(AE14="",AE12="",AE12=0),"",AE14/AE12-1) | AG20: =IF(OR(AG14="",AG12=""),"",AG14-AG12) | AH20: =IF(OR(AG14="",AG12="",AG12=0),"",AG14/AG12-1) | AI20: =IF(OR(AI14="",AI12=""),"",AI14-AI12) | AJ20: =IF(OR(AI14="",AI12="",AI12=0),"",AI14/AI12-1) | AK20: =IF(OR(AK14="",AK12=""),"",AK14-AK12) | AL20: =IF(OR(AK14="",AK12="",AK12=0),"",AK14/AK12-1) | AM20: =IF(OR(AM14="",AM12=""),"",AM14-AM12) | AN20: =IF(OR(AM14="",AM12="",AM12=0),"",AM14/AM12-1) | AO20: =IF(OR(AO14="",AO12=""),"",AO14-AO12) | AP20: =IF(OR(AO14="",AO12="",AO12=0),"",AO14/AO12-1) | AQ20: =IF(OR(AQ14="",AQ12=""),"",AQ14-AQ12) | AR20: =IF(OR(AQ14="",AQ12="",AQ12=0),"",AQ14/AQ12-1) | AS20: =IF(OR(AS14="",AS12=""),"",AS14-AS12) | AT20: =IF(OR(AS14="",AS12="",AS12=0),"",AS14/AS12-1) | AU20: =IF(OR(AU14="",AU12=""),"",AU14-AU12) | AV20: =IF(OR(AU14="",AU12="",AU12=0),"",AU14/AU12-1) | AW20: =IF(OR(AW14="",AW12=""),"",AW14-AW12) | AX20: =IF(OR(AW14="",AW12="",AW12=0),"",AW14/AW12-1) | AY20: =IF(OR(AY14="",AY12=""),"",AY14-AY12) | AZ20: =IF(OR(AY14="",AY12="",AY12=0),"",AY14/AY12-1) | BA20: =IF(OR(BA14="",BA12=""),"",BA14-BA12) | BB20: =IF(OR(BA14="",BA12="",BA12=0),"",BA14/BA12-1) | BC20: =IF(OR(BC14="",BC12=""),"",BC14-BC12) | BD20: =IF(OR(BC14="",BC12="",BC12=0),"",BC14/BC12-1) | BE20: =IF(OR(BE14="",BE12=""),"",BE14-BE12) | BF20: =IF(OR(BE14="",BE12="",BE12=0),"",BE14/BE12-1) | BG20: =IF(OR(BG14="",BG12=""),"",BG14-BG12) | BH20: =IF(OR(BG14="",BG12="",BG12=0),"",BG14/BG12-1) | BI20: =IF(OR(BI14="",BI12=""),"",BI14-BI12) | BJ20: =IF(OR(BI14="",BI12="",BI12=0),"",BI14/BI12-1) | BK20: =IF(OR(BK14="",BK12=""),"",BK14-BK12) | BL20: =IF(OR(BK14="",BK12="",BK12=0),"",BK14/BK12-1) | BM20: =IF(OR(BM14="",BM12=""),"",BM14-BM12) | BN20: =IF(OR(BM14="",BM12="",BM12=0),"",BM14/BM12-1) | BO20: =IF(OR(BO14="",BO12=""),"",BO14-BO12) | BP20: =IF(OR(BO14="",BO12="",BO12=0),"",BO14/BO12-1) | BQ20: =IF(OR(BQ14="",BQ12=""),"",BQ14-BQ12) | BR20: =IF(OR(BQ14="",BQ12="",BQ12=0),"",BQ14/BQ12-1) | BS20: =IF(OR(BS14="",BS12=""),"",BS14-BS12) | BT20: =IF(OR(BS14="",BS12="",BS12=0),"",BS14/BS12-1) | BU20: =IF(OR(BU14="",BU12=""),"",BU14-BU12) | BV20: =IF(OR(BU14="",BU12="",BU12=0),"",BU14/BU12-1) | BW20: =IF(OR(BW14="",BW12=""),"",BW14-BW12) | BX20: =IF(OR(BW14="",BW12="",BW12=0),"",BW14/BW12-1) | BY20: =IF(OR(BY14="",BY12=""),"",BY14-BY12) | BZ20: =IF(OR(BY14="",BY12="",BY12=0),"",BY14/BY12-1) | CA20: =IF(OR(CA14="",CA12=""),"",CA14-CA12) | CB20: =IF(OR(CA14="",CA12="",CA12=0),"",CA14/CA12-1) | CC20: =IF(OR(CC14="",CC12=""),"",CC14-CC12) | CD20: =IF(OR(CC14="",CC12="",CC12=0),"",CC14/CC12-1) | CE20: =IF(OR(CE14="",CE12=""),"",CE14-CE12) | CF20: =IF(OR(CE14="",CE12="",CE12=0),"",CE14/CE12-1) | CG20: =IF(OR(CG14="",CG12=""),"",CG14-CG12) | CH20: =IF(OR(CG14="",CG12="",CG12=0),"",CG14/CG12-1) | CI20: =IF(OR(CI14="",CI12=""),"",CI14-CI12) | CJ20: =IF(OR(CI14="",CI12="",CI12=0),"",CI14/CI12-1) | CK20: =IF(OR(CK14="",CK12=""),"",CK14-CK12) | CL20: =IF(OR(CK14="",CK12="",CK12=0),"",CK14/CK12-1) | CM20: =IF(OR(CM14="",CM12=""),"",CM14-CM12) | CN20: =IF(OR(CM14="",CM12="",CM12=0),"",CM14/CM12-1) | CO20: =IF(OR(CO14="",CO12=""),"",CO14-CO12) | CP20: =IF(OR(CO14="",CO12="",CO12=0),"",CO14/CO12-1) | CQ20: =IF(OR(CQ14="",CQ12=""),"",CQ14-CQ12) | CR20: =IF(OR(CQ14="",CQ12="",CQ12=0),"",CQ14/CQ12-1) | CS20: =IF(OR(CS14="",CS12=""),"",CS14-CS12) | CT20: =IF(OR(CS14="",CS12="",CS12=0),"",CS14/CS12-1) | CU20: =IF(OR(CU14="",CU12=""),"",CU14-CU12) | CV20: =IF(OR(CU14="",CU12="",CU12=0),"",CU14/CU12-1) | CW20: =IF(OR(CW14="",CW12=""),"",CW14-CW12) | CX20: =IF(OR(CW14="",CW12="",CW12=0),"",CW14/CW12-1) | CY20: =IF(OR(CY14="",CY12=""),"",CY14-CY12) | CZ20: =IF(OR(CY14="",CY12="",CY12=0),"",CY14/CY12-1) | DA20: =IF(OR(DA14="",DA12=""),"",DA14-DA12) | DB20: =IF(OR(DA14="",DA12="",DA12=0),"",DA14/DA12-1) | DC20: =IF(OR(DC14="",DC12=""),"",DC14-DC12) | DD20: =IF(OR(DC14="",DC12="",DC12=0),"",DC14/DC12-1) | DE20: =IF(OR(DE14="",DE12=""),"",DE14-DE12) | DF20: =IF(OR(DE14="",DE12="",DE12=0),"",DE14/DE12-1) | DG20: =IF(OR(DG14="",DG12=""),"",DG14-DG12) | DH20: =IF(OR(DG14="",DG12="",DG12=0),"",DG14/DG12-1) | DI20: =IF(OR(DI14="",DI12=""),"",DI14-DI12) | DJ20: =IF(OR(DI14="",DI12="",DI12=0),"",DI14/DI12-1) | DK20: =IF(OR(DK14="",DK12=""),"",DK14-DK12) | DL20: =IF(OR(DK14="",DK12="",DK12=0),"",DK14/DK12-1) | DM20: =IF(OR(DM14="",DM12=""),"",DM14-DM12) | DN20: =IF(OR(DM14="",DM12="",DM12=0),"",DM14/DM12-1) | DO20: =IF(OR(DO14="",DO12=""),"",DO14-DO12) | DP20: =IF(OR(DO14="",DO12="",DO12=0),"",DO14/DO12-1) | DQ20: =IF(OR(DQ14="",DQ12=""),"",DQ14-DQ12) | DR20: =IF(OR(DQ14="",DQ12="",DQ12=0),"",DQ14/DQ12-1) | DS20: =IF(OR(DS14="",DS12=""),"",DS14-DS12) | DT20: =IF(OR(DS14="",DS12="",DS12=0),"",DS14/DS12-1) | DU20: =IF(OR(DU14="",DU12=""),"",DU14-DU12) | DV20: =IF(OR(DU14="",DU12="",DU12=0),"",DU14/DU12-1) | DW20: =IF(OR(DW14="",DW12=""),"",DW14-DW12) | DX20: =IF(OR(DW14="",DW12="",DW12=0),"",DW14/DW12-1)
H21: Апартаменти 1-й поверх 45 м² ↔ Апартаменти стандартні 20 м² | I21: =IF(OR(I15="",I14=""),"",I15-I14) -> 1300 | J21: =IF(OR(I15="",I14="",I14=0),"",I15/I14-1) -> 0.44827586 | K21: =IF(OR(K15="",K14=""),"",K15-K14) -> 800 | L21: =IF(OR(K15="",K14="",K14=0),"",K15/K14-1) -> 0.23633678 | M21: =IF(OR(M15="",M14=""),"",M15-M14) -> 560 | N21: =IF(OR(M15="",M14="",M14=0),"",M15/M14-1) -> 0.23628692 | O21: =IF(OR(O15="",O14=""),"",O15-O14) -> 809 | P21: =IF(OR(O15="",O14="",O14=0),"",O15/O14-1) -> 0.31862938 | Q21: =IF(OR(Q15="",Q14=""),"",Q15-Q14) -> 800 | R21: =IF(OR(Q15="",Q14="",Q14=0),"",Q15/Q14-1) -> 0.30769231 | S21: =IF(OR(S15="",S14=""),"",S15-S14) | T21: =IF(OR(S15="",S14="",S14=0),"",S15/S14-1) | U21: =IF(OR(U15="",U14=""),"",U15-U14) -> 700 | V21: =IF(OR(U15="",U14="",U14=0),"",U15/U14-1) -> 0.25925926 | W21: =IF(OR(W15="",W14=""),"",W15-W14) | X21: =IF(OR(W15="",W14="",W14=0),"",W15/W14-1) | Y21: =IF(OR(Y15="",Y14=""),"",Y15-Y14) | Z21: =IF(OR(Y15="",Y14="",Y14=0),"",Y15/Y14-1) | AA21: =IF(OR(AA15="",AA14=""),"",AA15-AA14) | AB21: =IF(OR(AA15="",AA14="",AA14=0),"",AA15/AA14-1) | AC21: =IF(OR(AC15="",AC14=""),"",AC15-AC14) | AD21: =IF(OR(AC15="",AC14="",AC14=0),"",AC15/AC14-1) | AE21: =IF(OR(AE15="",AE14=""),"",AE15-AE14) | AF21: =IF(OR(AE15="",AE14="",AE14=0),"",AE15/AE14-1) | AG21: =IF(OR(AG15="",AG14=""),"",AG15-AG14) | AH21: =IF(OR(AG15="",AG14="",AG14=0),"",AG15/AG14-1) | AI21: =IF(OR(AI15="",AI14=""),"",AI15-AI14) | AJ21: =IF(OR(AI15="",AI14="",AI14=0),"",AI15/AI14-1) | AK21: =IF(OR(AK15="",AK14=""),"",AK15-AK14) | AL21: =IF(OR(AK15="",AK14="",AK14=0),"",AK15/AK14-1) | AM21: =IF(OR(AM15="",AM14=""),"",AM15-AM14) | AN21: =IF(OR(AM15="",AM14="",AM14=0),"",AM15/AM14-1) | AO21: =IF(OR(AO15="",AO14=""),"",AO15-AO14) | AP21: =IF(OR(AO15="",AO14="",AO14=0),"",AO15/AO14-1) | AQ21: =IF(OR(AQ15="",AQ14=""),"",AQ15-AQ14) | AR21: =IF(OR(AQ15="",AQ14="",AQ14=0),"",AQ15/AQ14-1) | AS21: =IF(OR(AS15="",AS14=""),"",AS15-AS14) | AT21: =IF(OR(AS15="",AS14="",AS14=0),"",AS15/AS14-1) | AU21: =IF(OR(AU15="",AU14=""),"",AU15-AU14) | AV21: =IF(OR(AU15="",AU14="",AU14=0),"",AU15/AU14-1) | AW21: =IF(OR(AW15="",AW14=""),"",AW15-AW14) | AX21: =IF(OR(AW15="",AW14="",AW14=0),"",AW15/AW14-1) | AY21: =IF(OR(AY15="",AY14=""),"",AY15-AY14) | AZ21: =IF(OR(AY15="",AY14="",AY14=0),"",AY15/AY14-1) | BA21: =IF(OR(BA15="",BA14=""),"",BA15-BA14) | BB21: =IF(OR(BA15="",BA14="",BA14=0),"",BA15/BA14-1) | BC21: =IF(OR(BC15="",BC14=""),"",BC15-BC14) | BD21: =IF(OR(BC15="",BC14="",BC14=0),"",BC15/BC14-1) | BE21: =IF(OR(BE15="",BE14=""),"",BE15-BE14) | BF21: =IF(OR(BE15="",BE14="",BE14=0),"",BE15/BE14-1) | BG21: =IF(OR(BG15="",BG14=""),"",BG15-BG14) | BH21: =IF(OR(BG15="",BG14="",BG14=0),"",BG15/BG14-1) | BI21: =IF(OR(BI15="",BI14=""),"",BI15-BI14) | BJ21: =IF(OR(BI15="",BI14="",BI14=0),"",BI15/BI14-1) | BK21: =IF(OR(BK15="",BK14=""),"",BK15-BK14) | BL21: =IF(OR(BK15="",BK14="",BK14=0),"",BK15/BK14-1) | BM21: =IF(OR(BM15="",BM14=""),"",BM15-BM14) | BN21: =IF(OR(BM15="",BM14="",BM14=0),"",BM15/BM14-1) | BO21: =IF(OR(BO15="",BO14=""),"",BO15-BO14) | BP21: =IF(OR(BO15="",BO14="",BO14=0),"",BO15/BO14-1) | BQ21: =IF(OR(BQ15="",BQ14=""),"",BQ15-BQ14) | BR21: =IF(OR(BQ15="",BQ14="",BQ14=0),"",BQ15/BQ14-1) | BS21: =IF(OR(BS15="",BS14=""),"",BS15-BS14) | BT21: =IF(OR(BS15="",BS14="",BS14=0),"",BS15/BS14-1) | BU21: =IF(OR(BU15="",BU14=""),"",BU15-BU14) | BV21: =IF(OR(BU15="",BU14="",BU14=0),"",BU15/BU14-1) | BW21: =IF(OR(BW15="",BW14=""),"",BW15-BW14) | BX21: =IF(OR(BW15="",BW14="",BW14=0),"",BW15/BW14-1) | BY21: =IF(OR(BY15="",BY14=""),"",BY15-BY14) | BZ21: =IF(OR(BY15="",BY14="",BY14=0),"",BY15/BY14-1) | CA21: =IF(OR(CA15="",CA14=""),"",CA15-CA14) | CB21: =IF(OR(CA15="",CA14="",CA14=0),"",CA15/CA14-1) | CC21: =IF(OR(CC15="",CC14=""),"",CC15-CC14) | CD21: =IF(OR(CC15="",CC14="",CC14=0),"",CC15/CC14-1) | CE21: =IF(OR(CE15="",CE14=""),"",CE15-CE14) | CF21: =IF(OR(CE15="",CE14="",CE14=0),"",CE15/CE14-1) | CG21: =IF(OR(CG15="",CG14=""),"",CG15-CG14) | CH21: =IF(OR(CG15="",CG14="",CG14=0),"",CG15/CG14-1) | CI21: =IF(OR(CI15="",CI14=""),"",CI15-CI14) | CJ21: =IF(OR(CI15="",CI14="",CI14=0),"",CI15/CI14-1) | CK21: =IF(OR(CK15="",CK14=""),"",CK15-CK14) | CL21: =IF(OR(CK15="",CK14="",CK14=0),"",CK15/CK14-1) | CM21: =IF(OR(CM15="",CM14=""),"",CM15-CM14) | CN21: =IF(OR(CM15="",CM14="",CM14=0),"",CM15/CM14-1) | CO21: =IF(OR(CO15="",CO14=""),"",CO15-CO14) | CP21: =IF(OR(CO15="",CO14="",CO14=0),"",CO15/CO14-1) | CQ21: =IF(OR(CQ15="",CQ14=""),"",CQ15-CQ14) | CR21: =IF(OR(CQ15="",CQ14="",CQ14=0),"",CQ15/CQ14-1) | CS21: =IF(OR(CS15="",CS14=""),"",CS15-CS14) | CT21: =IF(OR(CS15="",CS14="",CS14=0),"",CS15/CS14-1) | CU21: =IF(OR(CU15="",CU14=""),"",CU15-CU14) | CV21: =IF(OR(CU15="",CU14="",CU14=0),"",CU15/CU14-1) | CW21: =IF(OR(CW15="",CW14=""),"",CW15-CW14) | CX21: =IF(OR(CW15="",CW14="",CW14=0),"",CW15/CW14-1) | CY21: =IF(OR(CY15="",CY14=""),"",CY15-CY14) | CZ21: =IF(OR(CY15="",CY14="",CY14=0),"",CY15/CY14-1) | DA21: =IF(OR(DA15="",DA14=""),"",DA15-DA14) | DB21: =IF(OR(DA15="",DA14="",DA14=0),"",DA15/DA14-1) | DC21: =IF(OR(DC15="",DC14=""),"",DC15-DC14) | DD21: =IF(OR(DC15="",DC14="",DC14=0),"",DC15/DC14-1) | DE21: =IF(OR(DE15="",DE14=""),"",DE15-DE14) | DF21: =IF(OR(DE15="",DE14="",DE14=0),"",DE15/DE14-1) | DG21: =IF(OR(DG15="",DG14=""),"",DG15-DG14) | DH21: =IF(OR(DG15="",DG14="",DG14=0),"",DG15/DG14-1) | DI21: =IF(OR(DI15="",DI14=""),"",DI15-DI14) | DJ21: =IF(OR(DI15="",DI14="",DI14=0),"",DI15/DI14-1) | DK21: =IF(OR(DK15="",DK14=""),"",DK15-DK14) | DL21: =IF(OR(DK15="",DK14="",DK14=0),"",DK15/DK14-1) | DM21: =IF(OR(DM15="",DM14=""),"",DM15-DM14) | DN21: =IF(OR(DM15="",DM14="",DM14=0),"",DM15/DM14-1) | DO21: =IF(OR(DO15="",DO14=""),"",DO15-DO14) | DP21: =IF(OR(DO15="",DO14="",DO14=0),"",DO15/DO14-1) | DQ21: =IF(OR(DQ15="",DQ14=""),"",DQ15-DQ14) | DR21: =IF(OR(DQ15="",DQ14="",DQ14=0),"",DQ15/DQ14-1) | DS21: =IF(OR(DS15="",DS14=""),"",DS15-DS14) | DT21: =IF(OR(DS15="",DS14="",DS14=0),"",DS15/DS14-1) | DU21: =IF(OR(DU15="",DU14=""),"",DU15-DU14) | DV21: =IF(OR(DU15="",DU14="",DU14=0),"",DU15/DU14-1) | DW21: =IF(OR(DW15="",DW14=""),"",DW15-DW14) | DX21: =IF(OR(DW15="",DW14="",DW14=0),"",DW15/DW14-1)
F23: 4. ДОВІДНИКИ ДЛЯ ВИПАДАЮЧИХ СПИСКІВ | H23: Δ ДО ЕТАЛОННОГО ПРАЙС-ЛИСТА (варіант B)
F24: Пакети | H24: =IF(ЕТАЛОН_ПЛ="","еталон не обрано — задайте G10","Еталон: "&ЕТАЛОН_ПЛ) -> Еталон: Осінь 2026 База
F25: RO | H25: Базова категорія | I25: Δ грн | J25: Δ % | K25: Δ грн | L25: Δ % | M25: Δ грн | N25: Δ % | O25: Δ грн | P25: Δ % | Q25: Δ грн | R25: Δ % | S25: Δ грн | T25: Δ % | U25: Δ грн | V25: Δ % | W25: Δ грн | X25: Δ % | Y25: Δ грн | Z25: Δ % | AA25: Δ грн | AB25: Δ % | AC25: Δ грн | AD25: Δ % | AE25: Δ грн | AF25: Δ % | AG25: Δ грн | AH25: Δ % | AI25: Δ грн | AJ25: Δ % | AK25: Δ грн | AL25: Δ % | AM25: Δ грн | AN25: Δ % | AO25: Δ грн | AP25: Δ % | AQ25: Δ грн | AR25: Δ % | AS25: Δ грн | AT25: Δ % | AU25: Δ грн | AV25: Δ % | AW25: Δ грн | AX25: Δ % | AY25: Δ грн | AZ25: Δ % | BA25: Δ грн | BB25: Δ % | BC25: Δ грн | BD25: Δ % | BE25: Δ грн | BF25: Δ % | BG25: Δ грн | BH25: Δ % | BI25: Δ грн | BJ25: Δ % | BK25: Δ грн | BL25: Δ % | BM25: Δ грн | BN25: Δ % | BO25: Δ грн | BP25: Δ % | BQ25: Δ грн | BR25: Δ % | BS25: Δ грн | BT25: Δ % | BU25: Δ грн | BV25: Δ % | BW25: Δ грн | BX25: Δ % | BY25: Δ грн | BZ25: Δ % | CA25: Δ грн | CB25: Δ % | CC25: Δ грн | CD25: Δ % | CE25: Δ грн | CF25: Δ % | CG25: Δ грн | CH25: Δ % | CI25: Δ грн | CJ25: Δ % | CK25: Δ грн | CL25: Δ % | CM25: Δ грн | CN25: Δ % | CO25: Δ грн | CP25: Δ % | CQ25: Δ грн | CR25: Δ % | CS25: Δ грн | CT25: Δ % | CU25: Δ грн | CV25: Δ % | CW25: Δ грн | CX25: Δ % | CY25: Δ грн | CZ25: Δ % | DA25: Δ грн | DB25: Δ % | DC25: Δ грн | DD25: Δ % | DE25: Δ грн | DF25: Δ % | DG25: Δ грн | DH25: Δ % | DI25: Δ грн | DJ25: Δ % | DK25: Δ грн | DL25: Δ % | DM25: Δ грн | DN25: Δ % | DO25: Δ грн | DP25: Δ % | DQ25: Δ грн | DR25: Δ % | DS25: Δ грн | DT25: Δ % | DU25: Δ грн | DV25: Δ % | DW25: Δ грн | DX25: Δ %
F26: BB | H26: Міні-котедж | I26: =IF(OR(I12="",ЕТАЛОН_ПЛ="",IFERROR(INDEX(БАЗА_RO,1,IFERROR(MATCH(ЕТАЛОН_ПЛ,ПЛ_РЯДОК,0),0)),"")=""),"",I12-IFERROR(INDEX(БАЗА_RO,1,IFERROR(MATCH(ЕТАЛОН_ПЛ,ПЛ_РЯДОК,0),0)),"")) -> -1610 | J26: =IF(OR(I12="",ЕТАЛОН_ПЛ="",IFERROR(INDEX(БАЗА_RO,1,IFERROR(MATCH(ЕТАЛОН_ПЛ,ПЛ_РЯДОК,0),0)),"")="",IFERROR(INDEX(БАЗА_RO,1,IFERROR(MATCH(ЕТАЛОН_ПЛ,ПЛ_РЯДОК,0),0)),"")=0),"",I12/IFERROR(INDEX(БАЗА_RO,1,IFERROR(MATCH(ЕТАЛОН_ПЛ,ПЛ_РЯДОК,0),0)),"")-1) -> -0.2254902 | K26: =IF(OR(K12="",ЕТАЛОН_ПЛ="",IFERROR(INDEX(БАЗА_RO,1,IFERROR(MATCH(ЕТАЛОН_ПЛ,ПЛ_РЯДОК,0),0)),"")=""),"",K12-IFERROR(INDEX(БАЗА_RO,1,IFERROR(MATCH(ЕТАЛОН_ПЛ,ПЛ_РЯДОК,0),0)),"")) -> 0 | L26: =IF(OR(K12="",ЕТАЛОН_ПЛ="",IFERROR(INDEX(БАЗА_RO,1,IFERROR(MATCH(ЕТАЛОН_ПЛ,ПЛ_РЯДОК,0),0)),"")="",IFERROR(INDEX(БАЗА_RO,1,IFERROR(MATCH(ЕТАЛОН_ПЛ,ПЛ_РЯДОК,0),0)),"")=0),"",K12/IFERROR(INDEX(БАЗА_RO,1,IFERROR(MATCH(ЕТАЛОН_ПЛ,ПЛ_РЯДОК,0),0)),"")-1) -> 0 | M26: =IF(OR(M12="",ЕТАЛОН_ПЛ="",IFERROR(INDEX(БАЗА_RO,1,IFERROR(MATCH(ЕТАЛОН_ПЛ,ПЛ_РЯДОК,0),0)),"")=""),"",M12-IFERROR(INDEX(БАЗА_RO,1,IFERROR(MATCH(ЕТАЛОН_ПЛ,ПЛ_РЯДОК,0),0)),"")) -> -2142 | N26: =IF(OR(M12="",ЕТАЛОН_ПЛ="",IFERROR(INDEX(БАЗА_RO,1,IFERROR(MATCH(ЕТАЛОН_ПЛ,ПЛ_РЯДОК,0),0)),"")="",IFERROR(INDEX(БАЗА_RO,1,IFERROR(MATCH(ЕТАЛОН_ПЛ,ПЛ_РЯДОК,0),0)),"")=0),"",M12/IFERROR(INDEX(БАЗА_RO,1,IFERROR(MATCH(ЕТАЛОН_ПЛ,ПЛ_РЯДОК,0),0)),"")-1) -> -0.3 | O26: =IF(OR(O12="",ЕТАЛОН_ПЛ="",IFERROR(INDEX(БАЗА_RO,1,IFERROR(MATCH(ЕТАЛОН_ПЛ,ПЛ_РЯДОК,0),0)),"")=""),"",O12-IFERROR(INDEX(БАЗА_RO,1,IFERROR(MATCH(ЕТАЛОН_ПЛ,ПЛ_РЯДОК,0),0)),"")) -> -1785 | P26: =IF(OR(O12="",ЕТАЛОН_ПЛ="",IFERROR(INDEX(БАЗА_RO,1,IFERROR(MATCH(ЕТАЛОН_ПЛ,ПЛ_РЯДОК,0),0)),"")="",IFERROR(INDEX(БАЗА_RO,1,IFERROR(MATCH(ЕТАЛОН_ПЛ,ПЛ_РЯДОК,0),0)),"")=0),"",O12/IFERROR(INDEX(БАЗА_RO,1,IFERROR(MATCH(ЕТАЛОН_ПЛ,ПЛ_РЯДОК,0),0)),"")-1) -> -0.25 | Q26: =IF(OR(Q12="",ЕТАЛОН_ПЛ="",IFERROR(INDEX(БАЗА_RO,1,IFERROR(MATCH(ЕТАЛОН_ПЛ,ПЛ_РЯДОК,0),0)),"")=""),"",Q12-IFERROR(INDEX(БАЗА_RO,1,IFERROR(MATCH(ЕТАЛОН_ПЛ,ПЛ_РЯДОК,0),0)),"")) -> -1740 | R26: =IF(OR(Q12="",ЕТАЛОН_ПЛ="",IFERROR(INDEX(БАЗА_RO,1,IFERROR(MATCH(ЕТАЛОН_ПЛ,ПЛ_РЯДОК,0),0)),"")="",IFERROR(INDEX(БАЗА_RO,1,IFERROR(MATCH(ЕТАЛОН_ПЛ,ПЛ_РЯДОК,0),0)),"")=0),"",Q12/IFERROR(INDEX(БАЗА_RO,1,IFERROR(MATCH(ЕТАЛОН_ПЛ,ПЛ_РЯДОК,0),0)),"")-1) -> -0.24369748 | S26: =IF(OR(S12="",ЕТАЛОН_ПЛ="",IFERROR(INDEX(БАЗА_RO,1,IFERROR(MATCH(ЕТАЛОН_ПЛ,ПЛ_РЯДОК,0),0)),"")=""),"",S12-IFERROR(INDEX(БАЗА_RO,1,IFERROR(MATCH(ЕТАЛОН_ПЛ,ПЛ_РЯДОК,0),0)),"")) | T26: =IF(OR(S12="",ЕТАЛОН_ПЛ="",IFERROR(INDEX(БАЗА_RO,1,IFERROR(MATCH(ЕТАЛОН_ПЛ,ПЛ_РЯДОК,0),0)),"")="",IFERROR(INDEX(БАЗА_RO,1,IFERROR(MATCH(ЕТАЛОН_ПЛ,ПЛ_РЯДОК,0),0)),"")=0),"",S12/IFERROR(INDEX(БАЗА_RO,1,IFERROR(MATCH(ЕТАЛОН_ПЛ,ПЛ_РЯДОК,0),0)),"")-1) | U26: =IF(OR(U12="",ЕТАЛОН_ПЛ="",IFERROR(INDEX(БАЗА_RO,1,IFERROR(MATCH(ЕТАЛОН_ПЛ,ПЛ_РЯДОК,0),0)),"")=""),"",U12-IFERROR(INDEX(БАЗА_RO,1,IFERROR(MATCH(ЕТАЛОН_ПЛ,ПЛ_РЯДОК,0),0)),"")) -> -1440 | V26: =IF(OR(U12="",ЕТАЛОН_ПЛ="",IFERROR(INDEX(БАЗА_RO,1,IFERROR(MATCH(ЕТАЛОН_ПЛ,ПЛ_РЯДОК,0),0)),"")="",IFERROR(INDEX(БАЗА_RO,1,IFERROR(MATCH(ЕТАЛОН_ПЛ,ПЛ_РЯДОК,0),0)),"")=0),"",U12/IFERROR(INDEX(БАЗА_RO,1,IFERROR(MATCH(ЕТАЛОН_ПЛ,ПЛ_РЯДОК,0),0)),"")-1) -> -0.20168067 | W26: =IF(OR(W12="",ЕТАЛОН_ПЛ="",IFERROR(INDEX(БАЗА_RO,1,IFERROR(MATCH(ЕТАЛОН_ПЛ,ПЛ_РЯДОК,0),0)),"")=""),"",W12-IFERROR(INDEX(БАЗА_RO,1,IFERROR(MATCH(ЕТАЛОН_ПЛ,ПЛ_РЯДОК,0),0)),"")) | X26: =IF(OR(W12="",ЕТАЛОН_ПЛ="",IFERROR(INDEX(БАЗА_RO,1,IFERROR(MATCH(ЕТАЛОН_ПЛ,ПЛ_РЯДОК,0),0)),"")="",IFERROR(INDEX(БАЗА_RO,1,IFERROR(MATCH(ЕТАЛОН_ПЛ,ПЛ_РЯДОК,0),0)),"")=0),"",W12/IFERROR(INDEX(БАЗА_RO,1,IFERROR(MATCH(ЕТАЛОН_ПЛ,ПЛ_РЯДОК,0),0)),"")-1) | Y26: =IF(OR(Y12="",ЕТАЛОН_ПЛ="",IFERROR(INDEX(БАЗА_RO,1,IFERROR(MATCH(ЕТАЛОН_ПЛ,ПЛ_РЯДОК,0),0)),"")=""),"",Y12-IFERROR(INDEX(БАЗА_RO,1,IFERROR(MATCH(ЕТАЛОН_ПЛ,ПЛ_РЯДОК,0),0)),"")) | Z26: =IF(OR(Y12="",ЕТАЛОН_ПЛ="",IFERROR(INDEX(БАЗА_RO,1,IFERROR(MATCH(ЕТАЛОН_ПЛ,ПЛ_РЯДОК,0),0)),"")="",IFERROR(INDEX(БАЗА_RO,1,IFERROR(MATCH(ЕТАЛОН_ПЛ,ПЛ_РЯДОК,0),0)),"")=0),"",Y12/IFERROR(INDEX(БАЗА_RO,1,IFERROR(MATCH(ЕТАЛОН_ПЛ,ПЛ_РЯДОК,0),0)),"")-1) | AA26: =IF(OR(AA12="",ЕТАЛОН_ПЛ="",IFERROR(INDEX(БАЗА_RO,1,IFERROR(MATCH(ЕТАЛОН_ПЛ,ПЛ_РЯДОК,0),0)),"")=""),"",AA12-IFERROR(INDEX(БАЗА_RO,1,IFERROR(MATCH(ЕТАЛОН_ПЛ,ПЛ_РЯДОК,0),0)),"")) | AB26: =IF(OR(AA12="",ЕТАЛОН_ПЛ="",IFERROR(INDEX(БАЗА_RO,1,IFERROR(MATCH(ЕТАЛОН_ПЛ,ПЛ_РЯДОК,0),0)),"")="",IFERROR(INDEX(БАЗА_RO,1,IFERROR(MATCH(ЕТАЛОН_ПЛ,ПЛ_РЯДОК,0),0)),"")=0),"",AA12/IFERROR(INDEX(БАЗА_RO,1,IFERROR(MATCH(ЕТАЛОН_ПЛ,ПЛ_РЯДОК,0),0)),"")-1) | AC26: =IF(OR(AC12="",ЕТАЛОН_ПЛ="",IFERROR(INDEX(БАЗА_RO,1,IFERROR(MATCH(ЕТАЛОН_ПЛ,ПЛ_РЯДОК,0),0)),"")=""),"",AC12-IFERROR(INDEX(БАЗА_RO,1,IFERROR(MATCH(ЕТАЛОН_ПЛ,ПЛ_РЯДОК,0),0)),"")) | AD26: =IF(OR(AC12="",ЕТАЛОН_ПЛ="",IFERROR(INDEX(БАЗА_RO,1,IFERROR(MATCH(ЕТАЛОН_ПЛ,ПЛ_РЯДОК,0),0)),"")="",IFERROR(INDEX(БАЗА_RO,1,IFERROR(MATCH(ЕТАЛОН_ПЛ,ПЛ_РЯДОК,0),0)),"")=0),"",AC12/IFERROR(INDEX(БАЗА_RO,1,IFERROR(MATCH(ЕТАЛОН_ПЛ,ПЛ_РЯДОК,0),0)),"")-1) | AE26: =IF(OR(AE12="",ЕТАЛОН_ПЛ="",IFERROR(INDEX(БАЗА_RO,1,IFERROR(MATCH(ЕТАЛОН_ПЛ,ПЛ_РЯДОК,0),0)),"")=""),"",AE12-IFERROR(INDEX(БАЗА_RO,1,IFERROR(MATCH(ЕТАЛОН_ПЛ,ПЛ_РЯДОК,0),0)),"")) | AF26: =IF(OR(AE12="",ЕТАЛОН_ПЛ="",IFERROR(INDEX(БАЗА_RO,1,IFERROR(MATCH(ЕТАЛОН_ПЛ,ПЛ_РЯДОК,0),0)),"")="",IFERROR(INDEX(БАЗА_RO,1,IFERROR(MATCH(ЕТАЛОН_ПЛ,ПЛ_РЯДОК,0),0)),"")=0),"",AE12/IFERROR(INDEX(БАЗА_RO,1,IFERROR(MATCH(ЕТАЛОН_ПЛ,ПЛ_РЯДОК,0),0)),"")-1) | AG26: =IF(OR(AG12="",ЕТАЛОН_ПЛ="",IFERROR(INDEX(БАЗА_RO,1,IFERROR(MATCH(ЕТАЛОН_ПЛ,ПЛ_РЯДОК,0),0)),"")=""),"",AG12-IFERROR(INDEX(БАЗА_RO,1,IFERROR(MATCH(ЕТАЛОН_ПЛ,ПЛ_РЯДОК,0),0)),"")) | AH26: =IF(OR(AG12="",ЕТАЛОН_ПЛ="",IFERROR(INDEX(БАЗА_RO,1,IFERROR(MATCH(ЕТАЛОН_ПЛ,ПЛ_РЯДОК,0),0)),"")="",IFERROR(INDEX(БАЗА_RO,1,IFERROR(MATCH(ЕТАЛОН_ПЛ,ПЛ_РЯДОК,0),0)),"")=0),"",AG12/IFERROR(INDEX(БАЗА_RO,1,IFERROR(MATCH(ЕТАЛОН_ПЛ,ПЛ_РЯДОК,0),0)),"")-1) | AI26: =IF(OR(AI12="",ЕТАЛОН_ПЛ="",IFERROR(INDEX(БАЗА_RO,1,IFERROR(MATCH(ЕТАЛОН_ПЛ,ПЛ_РЯДОК,0),0)),"")=""),"",AI12-IFERROR(INDEX(БАЗА_RO,1,IFERROR(MATCH(ЕТАЛОН_ПЛ,ПЛ_РЯДОК,0),0)),"")) | AJ26: =IF(OR(AI12="",ЕТАЛОН_ПЛ="",IFERROR(INDEX(БАЗА_RO,1,IFERROR(MATCH(ЕТАЛОН_ПЛ,ПЛ_РЯДОК,0),0)),"")="",IFERROR(INDEX(БАЗА_RO,1,IFERROR(MATCH(ЕТАЛОН_ПЛ,ПЛ_РЯДОК,0),0)),"")=0),"",AI12/IFERROR(INDEX(БАЗА_RO,1,IFERROR(MATCH(ЕТАЛОН_ПЛ,ПЛ_РЯДОК,0),0)),"")-1) | AK26: =IF(OR(AK12="",ЕТАЛОН_ПЛ="",IFERROR(INDEX(БАЗА_RO,1,IFERROR(MATCH(ЕТАЛОН_ПЛ,ПЛ_РЯДОК,0),0)),"")=""),"",AK12-IFERROR(INDEX(БАЗА_RO,1,IFERROR(MATCH(ЕТАЛОН_ПЛ,ПЛ_РЯДОК,0),0)),"")) | AL26: =IF(OR(AK12="",ЕТАЛОН_ПЛ="",IFERROR(INDEX(БАЗА_RO,1,IFERROR(MATCH(ЕТАЛОН_ПЛ,ПЛ_РЯДОК,0),0)),"")="",IFERROR(INDEX(БАЗА_RO,1,IFERROR(MATCH(ЕТАЛОН_ПЛ,ПЛ_РЯДОК,0),0)),"")=0),"",AK12/IFERROR(INDEX(БАЗА_RO,1,IFERROR(MATCH(ЕТАЛОН_ПЛ,ПЛ_РЯДОК,0),0)),"")-1) | AM26: =IF(OR(AM12="",ЕТАЛОН_ПЛ="",IFERROR(INDEX(БАЗА_RO,1,IFERROR(MATCH(ЕТАЛОН_ПЛ,ПЛ_РЯДОК,0),0)),"")=""),"",AM12-IFERROR(INDEX(БАЗА_RO,1,IFERROR(MATCH(ЕТАЛОН_ПЛ,ПЛ_РЯДОК,0),0)),"")) | AN26: =IF(OR(AM12="",ЕТАЛОН_ПЛ="",IFERROR(INDEX(БАЗА_RO,1,IFERROR(MATCH(ЕТАЛОН_ПЛ,ПЛ_РЯДОК,0),0)),"")="",IFERROR(INDEX(БАЗА_RO,1,IFERROR(MATCH(ЕТАЛОН_ПЛ,ПЛ_РЯДОК,0),0)),"")=0),"",AM12/IFERROR(INDEX(БАЗА_RO,1,IFERROR(MATCH(ЕТАЛОН_ПЛ,ПЛ_РЯДОК,0),0)),"")-1) | AO26: =IF(OR(AO12="",ЕТАЛОН_ПЛ="",IFERROR(INDEX(БАЗА_RO,1,IFERROR(MATCH(ЕТАЛОН_ПЛ,ПЛ_РЯДОК,0),0)),"")=""),"",AO12-IFERROR(INDEX(БАЗА_RO,1,IFERROR(MATCH(ЕТАЛОН_ПЛ,ПЛ_РЯДОК,0),0)),"")) | AP26: =IF(OR(AO12="",ЕТАЛОН_ПЛ="",IFERROR(INDEX(БАЗА_RO,1,IFERROR(MATCH(ЕТАЛОН_ПЛ,ПЛ_РЯДОК,0),0)),"")="",IFERROR(INDEX(БАЗА_RO,1,IFERROR(MATCH(ЕТАЛОН_ПЛ,ПЛ_РЯДОК,0),0)),"")=0),"",AO12/IFERROR(INDEX(БАЗА_RO,1,IFERROR(MATCH(ЕТАЛОН_ПЛ,ПЛ_РЯДОК,0),0)),"")-1) | AQ26: =IF(OR(AQ12="",ЕТАЛОН_ПЛ="",IFERROR(INDEX(БАЗА_RO,1,IFERROR(MATCH(ЕТАЛОН_ПЛ,ПЛ_РЯДОК,0),0)),"")=""),"",AQ12-IFERROR(INDEX(БАЗА_RO,1,IFERROR(MATCH(ЕТАЛОН_ПЛ,ПЛ_РЯДОК,0),0)),"")) | AR26: =IF(OR(AQ12="",ЕТАЛОН_ПЛ="",IFERROR(INDEX(БАЗА_RO,1,IFERROR(MATCH(ЕТАЛОН_ПЛ,ПЛ_РЯДОК,0),0)),"")="",IFERROR(INDEX(БАЗА_RO,1,IFERROR(MATCH(ЕТАЛОН_ПЛ,ПЛ_РЯДОК,0),0)),"")=0),"",AQ12/IFERROR(INDEX(БАЗА_RO,1,IFERROR(MATCH(ЕТАЛОН_ПЛ,ПЛ_РЯДОК,0),0)),"")-1) | AS26: =IF(OR(AS12="",ЕТАЛОН_ПЛ="",IFERROR(INDEX(БАЗА_RO,1,IFERROR(MATCH(ЕТАЛОН_ПЛ,ПЛ_РЯДОК,0),0)),"")=""),"",AS12-IFERROR(INDEX(БАЗА_RO,1,IFERROR(MATCH(ЕТАЛОН_ПЛ,ПЛ_РЯДОК,0),0)),"")) | AT26: =IF(OR(AS12="",ЕТАЛОН_ПЛ="",IFERROR(INDEX(БАЗА_RO,1,IFERROR(MATCH(ЕТАЛОН_ПЛ,ПЛ_РЯДОК,0),0)),"")="",IFERROR(INDEX(БАЗА_RO,1,IFERROR(MATCH(ЕТАЛОН_ПЛ,ПЛ_РЯДОК,0),0)),"")=0),"",AS12/IFERROR(INDEX(БАЗА_RO,1,IFERROR(MATCH(ЕТАЛОН_ПЛ,ПЛ_РЯДОК,0),0)),"")-1) | AU26: =IF(OR(AU12="",ЕТАЛОН_ПЛ="",IFERROR(INDEX(БАЗА_RO,1,IFERROR(MATCH(ЕТАЛОН_ПЛ,ПЛ_РЯДОК,0),0)),"")=""),"",AU12-IFERROR(INDEX(БАЗА_RO,1,IFERROR(MATCH(ЕТАЛОН_ПЛ,ПЛ_РЯДОК,0),0)),"")) | AV26: =IF(OR(AU12="",ЕТАЛОН_ПЛ="",IFERROR(INDEX(БАЗА_RO,1,IFERROR(MATCH(ЕТАЛОН_ПЛ,ПЛ_РЯДОК,0),0)),"")="",IFERROR(INDEX(БАЗА_RO,1,IFERROR(MATCH(ЕТАЛОН_ПЛ,ПЛ_РЯДОК,0),0)),"")=0),"",AU12/IFERROR(INDEX(БАЗА_RO,1,IFERROR(MATCH(ЕТАЛОН_ПЛ,ПЛ_РЯДОК,0),0)),"")-1) | AW26: =IF(OR(AW12="",ЕТАЛОН_ПЛ="",IFERROR(INDEX(БАЗА_RO,1,IFERROR(MATCH(ЕТАЛОН_ПЛ,ПЛ_РЯДОК,0),0)),"")=""),"",AW12-IFERROR(INDEX(БАЗА_RO,1,IFERROR(MATCH(ЕТАЛОН_ПЛ,ПЛ_РЯДОК,0),0)),"")) | AX26: =IF(OR(AW12="",ЕТАЛОН_ПЛ="",IFERROR(INDEX(БАЗА_RO,1,IFERROR(MATCH(ЕТАЛОН_ПЛ,ПЛ_РЯДОК,0),0)),"")="",IFERROR(INDEX(БАЗА_RO,1,IFERROR(MATCH(ЕТАЛОН_ПЛ,ПЛ_РЯДОК,0),0)),"")=0),"",AW12/IFERROR(INDEX(БАЗА_RO,1,IFERROR(MATCH(ЕТАЛОН_ПЛ,ПЛ_РЯДОК,0),0)),"")-1) | AY26: =IF(OR(AY12="",ЕТАЛОН_ПЛ="",IFERROR(INDEX(БАЗА_RO,1,IFERROR(MATCH(ЕТАЛОН_ПЛ,ПЛ_РЯДОК,0),0)),"")=""),"",AY12-IFERROR(INDEX(БАЗА_RO,1,IFERROR(MATCH(ЕТАЛОН_ПЛ,ПЛ_РЯДОК,0),0)),"")) | AZ26: =IF(OR(AY12="",ЕТАЛОН_ПЛ="",IFERROR(INDEX(БАЗА_RO,1,IFERROR(MATCH(ЕТАЛОН_ПЛ,ПЛ_РЯДОК,0),0)),"")="",IFERROR(INDEX(БАЗА_RO,1,IFERROR(MATCH(ЕТАЛОН_ПЛ,ПЛ_РЯДОК,0),0)),"")=0),"",AY12/IFERROR(INDEX(БАЗА_RO,1,IFERROR(MATCH(ЕТАЛОН_ПЛ,ПЛ_РЯДОК,0),0)),"")-1) | BA26: =IF(OR(BA12="",ЕТАЛОН_ПЛ="",IFERROR(INDEX(БАЗА_RO,1,IFERROR(MATCH(ЕТАЛОН_ПЛ,ПЛ_РЯДОК,0),0)),"")=""),"",BA12-IFERROR(INDEX(БАЗА_RO,1,IFERROR(MATCH(ЕТАЛОН_ПЛ,ПЛ_РЯДОК,0),0)),"")) | BB26: =IF(OR(BA12="",ЕТАЛОН_ПЛ="",IFERROR(INDEX(БАЗА_RO,1,IFERROR(MATCH(ЕТАЛОН_ПЛ,ПЛ_РЯДОК,0),0)),"")="",IFERROR(INDEX(БАЗА_RO,1,IFERROR(MATCH(ЕТАЛОН_ПЛ,ПЛ_РЯДОК,0),0)),"")=0),"",BA12/IFERROR(INDEX(БАЗА_RO,1,IFERROR(MATCH(ЕТАЛОН_ПЛ,ПЛ_РЯДОК,0),0)),"")-1) | BC26: =IF(OR(BC12="",ЕТАЛОН_ПЛ="",IFERROR(INDEX(БАЗА_RO,1,IFERROR(MATCH(ЕТАЛОН_ПЛ,ПЛ_РЯДОК,0),0)),"")=""),"",BC12-IFERROR(INDEX(БАЗА_RO,1,IFERROR(MATCH(ЕТАЛОН_ПЛ,ПЛ_РЯДОК,0),0)),"")) | BD26: =IF(OR(BC12="",ЕТАЛОН_ПЛ="",IFERROR(INDEX(БАЗА_RO,1,IFERROR(MATCH(ЕТАЛОН_ПЛ,ПЛ_РЯДОК,0),0)),"")="",IFERROR(INDEX(БАЗА_RO,1,IFERROR(MATCH(ЕТАЛОН_ПЛ,ПЛ_РЯДОК,0),0)),"")=0),"",BC12/IFERROR(INDEX(БАЗА_RO,1,IFERROR(MATCH(ЕТАЛОН_ПЛ,ПЛ_РЯДОК,0),0)),"")-1) | BE26: =IF(OR(BE12="",ЕТАЛОН_ПЛ="",IFERROR(INDEX(БАЗА_RO,1,IFERROR(MATCH(ЕТАЛОН_ПЛ,ПЛ_РЯДОК,0),0)),"")=""),"",BE12-IFERROR(INDEX(БАЗА_RO,1,IFERROR(MATCH(ЕТАЛОН_ПЛ,ПЛ_РЯДОК,0),0)),"")) | BF26: =IF(OR(BE12="",ЕТАЛОН_ПЛ="",IFERROR(INDEX(БАЗА_RO,1,IFERROR(MATCH(ЕТАЛОН_ПЛ,ПЛ_РЯДОК,0),0)),"")="",IFERROR(INDEX(БАЗА_RO,1,IFERROR(MATCH(ЕТАЛОН_ПЛ,ПЛ_РЯДОК,0),0)),"")=0),"",BE12/IFERROR(INDEX(БАЗА_RO,1,IFERROR(MATCH(ЕТАЛОН_ПЛ,ПЛ_РЯДОК,0),0)),"")-1) | BG26: =IF(OR(BG12="",ЕТАЛОН_ПЛ="",IFERROR(INDEX(БАЗА_RO,1,IFERROR(MATCH(ЕТАЛОН_ПЛ,ПЛ_РЯДОК,0),0)),"")=""),"",BG12-IFERROR(INDEX(БАЗА_RO,1,IFERROR(MATCH(ЕТАЛОН_ПЛ,ПЛ_РЯДОК,0),0)),"")) | BH26: =IF(OR(BG12="",ЕТАЛОН_ПЛ="",IFERROR(INDEX(БАЗА_RO,1,IFERROR(MATCH(ЕТАЛОН_ПЛ,ПЛ_РЯДОК,0),0)),"")="",IFERROR(INDEX(БАЗА_RO,1,IFERROR(MATCH(ЕТАЛОН_ПЛ,ПЛ_РЯДОК,0),0)),"")=0),"",BG12/IFERROR(INDEX(БАЗА_RO,1,IFERROR(MATCH(ЕТАЛОН_ПЛ,ПЛ_РЯДОК,0),0)),"")-1) | BI26: =IF(OR(BI12="",ЕТАЛОН_ПЛ="",IFERROR(INDEX(БАЗА_RO,1,IFERROR(MATCH(ЕТАЛОН_ПЛ,ПЛ_РЯДОК,0),0)),"")=""),"",BI12-IFERROR(INDEX(БАЗА_RO,1,IFERROR(MATCH(ЕТАЛОН_ПЛ,ПЛ_РЯДОК,0),0)),"")) | BJ26: =IF(OR(BI12="",ЕТАЛОН_ПЛ="",IFERROR(INDEX(БАЗА_RO,1,IFERROR(MATCH(ЕТАЛОН_ПЛ,ПЛ_РЯДОК,0),0)),"")="",IFERROR(INDEX(БАЗА_RO,1,IFERROR(MATCH(ЕТАЛОН_ПЛ,ПЛ_РЯДОК,0),0)),"")=0),"",BI12/IFERROR(INDEX(БАЗА_RO,1,IFERROR(MATCH(ЕТАЛОН_ПЛ,ПЛ_РЯДОК,0),0)),"")-1) | BK26: =IF(OR(BK12="",ЕТАЛОН_ПЛ="",IFERROR(INDEX(БАЗА_RO,1,IFERROR(MATCH(ЕТАЛОН_ПЛ,ПЛ_РЯДОК,0),0)),"")=""),"",BK12-IFERROR(INDEX(БАЗА_RO,1,IFERROR(MATCH(ЕТАЛОН_ПЛ,ПЛ_РЯДОК,0),0)),"")) | BL26: =IF(OR(BK12="",ЕТАЛОН_ПЛ="",IFERROR(INDEX(БАЗА_RO,1,IFERROR(MATCH(ЕТАЛОН_ПЛ,ПЛ_РЯДОК,0),0)),"")="",IFERROR(INDEX(БАЗА_RO,1,IFERROR(MATCH(ЕТАЛОН_ПЛ,ПЛ_РЯДОК,0),0)),"")=0),"",BK12/IFERROR(INDEX(БАЗА_RO,1,IFERROR(MATCH(ЕТАЛОН_ПЛ,ПЛ_РЯДОК,0),0)),"")-1) | BM26: =IF(OR(BM12="",ЕТАЛОН_ПЛ="",IFERROR(INDEX(БАЗА_RO,1,IFERROR(MATCH(ЕТАЛОН_ПЛ,ПЛ_РЯДОК,0),0)),"")=""),"",BM12-IFERROR(INDEX(БАЗА_RO,1,IFERROR(MATCH(ЕТАЛОН_ПЛ,ПЛ_РЯДОК,0),0)),"")) | BN26: =IF(OR(BM12="",ЕТАЛОН_ПЛ="",IFERROR(INDEX(БАЗА_RO,1,IFERROR(MATCH(ЕТАЛОН_ПЛ,ПЛ_РЯДОК,0),0)),"")="",IFERROR(INDEX(БАЗА_RO,1,IFERROR(MATCH(ЕТАЛОН_ПЛ,ПЛ_РЯДОК,0),0)),"")=0),"",BM12/IFERROR(INDEX(БАЗА_RO,1,IFERROR(MATCH(ЕТАЛОН_ПЛ,ПЛ_РЯДОК,0),0)),"")-1) | BO26: =IF(OR(BO12="",ЕТАЛОН_ПЛ="",IFERROR(INDEX(БАЗА_RO,1,IFERROR(MATCH(ЕТАЛОН_ПЛ,ПЛ_РЯДОК,0),0)),"")=""),"",BO12-IFERROR(INDEX(БАЗА_RO,1,IFERROR(MATCH(ЕТАЛОН_ПЛ,ПЛ_РЯДОК,0),0)),"")) | BP26: =IF(OR(BO12="",ЕТАЛОН_ПЛ="",IFERROR(INDEX(БАЗА_RO,1,IFERROR(MATCH(ЕТАЛОН_ПЛ,ПЛ_РЯДОК,0),0)),"")="",IFERROR(INDEX(БАЗА_RO,1,IFERROR(MATCH(ЕТАЛОН_ПЛ,ПЛ_РЯДОК,0),0)),"")=0),"",BO12/IFERROR(INDEX(БАЗА_RO,1,IFERROR(MATCH(ЕТАЛОН_ПЛ,ПЛ_РЯДОК,0),0)),"")-1) | BQ26: =IF(OR(BQ12="",ЕТАЛОН_ПЛ="",IFERROR(INDEX(БАЗА_RO,1,IFERROR(MATCH(ЕТАЛОН_ПЛ,ПЛ_РЯДОК,0),0)),"")=""),"",BQ12-IFERROR(INDEX(БАЗА_RO,1,IFERROR(MATCH(ЕТАЛОН_ПЛ,ПЛ_РЯДОК,0),0)),"")) | BR26: =IF(OR(BQ12="",ЕТАЛОН_ПЛ="",IFERROR(INDEX(БАЗА_RO,1,IFERROR(MATCH(ЕТАЛОН_ПЛ,ПЛ_РЯДОК,0),0)),"")="",IFERROR(INDEX(БАЗА_RO,1,IFERROR(MATCH(ЕТАЛОН_ПЛ,ПЛ_РЯДОК,0),0)),"")=0),"",BQ12/IFERROR(INDEX(БАЗА_RO,1,IFERROR(MATCH(ЕТАЛОН_ПЛ,ПЛ_РЯДОК,0),0)),"")-1) | BS26: =IF(OR(BS12="",ЕТАЛОН_ПЛ="",IFERROR(INDEX(БАЗА_RO,1,IFERROR(MATCH(ЕТАЛОН_ПЛ,ПЛ_РЯДОК,0),0)),"")=""),"",BS12-IFERROR(INDEX(БАЗА_RO,1,IFERROR(MATCH(ЕТАЛОН_ПЛ,ПЛ_РЯДОК,0),0)),"")) | BT26: =IF(OR(BS12="",ЕТАЛОН_ПЛ="",IFERROR(INDEX(БАЗА_RO,1,IFERROR(MATCH(ЕТАЛОН_ПЛ,ПЛ_РЯДОК,0),0)),"")="",IFERROR(INDEX(БАЗА_RO,1,IFERROR(MATCH(ЕТАЛОН_ПЛ,ПЛ_РЯДОК,0),0)),"")=0),"",BS12/IFERROR(INDEX(БАЗА_RO,1,IFERROR(MATCH(ЕТАЛОН_ПЛ,ПЛ_РЯДОК,0),0)),"")-1) | BU26: =IF(OR(BU12="",ЕТАЛОН_ПЛ="",IFERROR(INDEX(БАЗА_RO,1,IFERROR(MATCH(ЕТАЛОН_ПЛ,ПЛ_РЯДОК,0),0)),"")=""),"",BU12-IFERROR(INDEX(БАЗА_RO,1,IFERROR(MATCH(ЕТАЛОН_ПЛ,ПЛ_РЯДОК,0),0)),"")) | BV26: =IF(OR(BU12="",ЕТАЛОН_ПЛ="",IFERROR(INDEX(БАЗА_RO,1,IFERROR(MATCH(ЕТАЛОН_ПЛ,ПЛ_РЯДОК,0),0)),"")="",IFERROR(INDEX(БАЗА_RO,1,IFERROR(MATCH(ЕТАЛОН_ПЛ,ПЛ_РЯДОК,0),0)),"")=0),"",BU12/IFERROR(INDEX(БАЗА_RO,1,IFERROR(MATCH(ЕТАЛОН_ПЛ,ПЛ_РЯДОК,0),0)),"")-1) | BW26: =IF(OR(BW12="",ЕТАЛОН_ПЛ="",IFERROR(INDEX(БАЗА_RO,1,IFERROR(MATCH(ЕТАЛОН_ПЛ,ПЛ_РЯДОК,0),0)),"")=""),"",BW12-IFERROR(INDEX(БАЗА_RO,1,IFERROR(MATCH(ЕТАЛОН_ПЛ,ПЛ_РЯДОК,0),0)),"")) | BX26: =IF(OR(BW12="",ЕТАЛОН_ПЛ="",IFERROR(INDEX(БАЗА_RO,1,IFERROR(MATCH(ЕТАЛОН_ПЛ,ПЛ_РЯДОК,0),0)),"")="",IFERROR(INDEX(БАЗА_RO,1,IFERROR(MATCH(ЕТАЛОН_ПЛ,ПЛ_РЯДОК,0),0)),"")=0),"",BW12/IFERROR(INDEX(БАЗА_RO,1,IFERROR(MATCH(ЕТАЛОН_ПЛ,ПЛ_РЯДОК,0),0)),"")-1) | BY26: =IF(OR(BY12="",ЕТАЛОН_ПЛ="",IFERROR(INDEX(БАЗА_RO,1,IFERROR(MATCH(ЕТАЛОН_ПЛ,ПЛ_РЯДОК,0),0)),"")=""),"",BY12-IFERROR(INDEX(БАЗА_RO,1,IFERROR(MATCH(ЕТАЛОН_ПЛ,ПЛ_РЯДОК,0),0)),"")) | BZ26: =IF(OR(BY12="",ЕТАЛОН_ПЛ="",IFERROR(INDEX(БАЗА_RO,1,IFERROR(MATCH(ЕТАЛОН_ПЛ,ПЛ_РЯДОК,0),0)),"")="",IFERROR(INDEX(БАЗА_RO,1,IFERROR(MATCH(ЕТАЛОН_ПЛ,ПЛ_РЯДОК,0),0)),"")=0),"",BY12/IFERROR(INDEX(БАЗА_RO,1,IFERROR(MATCH(ЕТАЛОН_ПЛ,ПЛ_РЯДОК,0),0)),"")-1) | CA26: =IF(OR(CA12="",ЕТАЛОН_ПЛ="",IFERROR(INDEX(БАЗА_RO,1,IFERROR(MATCH(ЕТАЛОН_ПЛ,ПЛ_РЯДОК,0),0)),"")=""),"",CA12-IFERROR(INDEX(БАЗА_RO,1,IFERROR(MATCH(ЕТАЛОН_ПЛ,ПЛ_РЯДОК,0),0)),"")) | CB26: =IF(OR(CA12="",ЕТАЛОН_ПЛ="",IFERROR(INDEX(БАЗА_RO,1,IFERROR(MATCH(ЕТАЛОН_ПЛ,ПЛ_РЯДОК,0),0)),"")="",IFERROR(INDEX(БАЗА_RO,1,IFERROR(MATCH(ЕТАЛОН_ПЛ,ПЛ_РЯДОК,0),0)),"")=0),"",CA12/IFERROR(INDEX(БАЗА_RO,1,IFERROR(MATCH(ЕТАЛОН_ПЛ,ПЛ_РЯДОК,0),0)),"")-1) | CC26: =IF(OR(CC12="",ЕТАЛОН_ПЛ="",IFERROR(INDEX(БАЗА_RO,1,IFERROR(MATCH(ЕТАЛОН_ПЛ,ПЛ_РЯДОК,0),0)),"")=""),"",CC12-IFERROR(INDEX(БАЗА_RO,1,IFERROR(MATCH(ЕТАЛОН_ПЛ,ПЛ_РЯДОК,0),0)),"")) | CD26: =IF(OR(CC12="",ЕТАЛОН_ПЛ="",IFERROR(INDEX(БАЗА_RO,1,IFERROR(MATCH(ЕТАЛОН_ПЛ,ПЛ_РЯДОК,0),0)),"")="",IFERROR(INDEX(БАЗА_RO,1,IFERROR(MATCH(ЕТАЛОН_ПЛ,ПЛ_РЯДОК,0),0)),"")=0),"",CC12/IFERROR(INDEX(БАЗА_RO,1,IFERROR(MATCH(ЕТАЛОН_ПЛ,ПЛ_РЯДОК,0),0)),"")-1) | CE26: =IF(OR(CE12="",ЕТАЛОН_ПЛ="",IFERROR(INDEX(БАЗА_RO,1,IFERROR(MATCH(ЕТАЛОН_ПЛ,ПЛ_РЯДОК,0),0)),"")=""),"",CE12-IFERROR(INDEX(БАЗА_RO,1,IFERROR(MATCH(ЕТАЛОН_ПЛ,ПЛ_РЯДОК,0),0)),"")) | CF26: =IF(OR(CE12="",ЕТАЛОН_ПЛ="",IFERROR(INDEX(БАЗА_RO,1,IFERROR(MATCH(ЕТАЛОН_ПЛ,ПЛ_РЯДОК,0),0)),"")="",IFERROR(INDEX(БАЗА_RO,1,IFERROR(MATCH(ЕТАЛОН_ПЛ,ПЛ_РЯДОК,0),0)),"")=0),"",CE12/IFERROR(INDEX(БАЗА_RO,1,IFERROR(MATCH(ЕТАЛОН_ПЛ,ПЛ_РЯДОК,0),0)),"")-1) | CG26: =IF(OR(CG12="",ЕТАЛОН_ПЛ="",IFERROR(INDEX(БАЗА_RO,1,IFERROR(MATCH(ЕТАЛОН_ПЛ,ПЛ_РЯДОК,0),0)),"")=""),"",CG12-IFERROR(INDEX(БАЗА_RO,1,IFERROR(MATCH(ЕТАЛОН_ПЛ,ПЛ_РЯДОК,0),0)),"")) | CH26: =IF(OR(CG12="",ЕТАЛОН_ПЛ="",IFERROR(INDEX(БАЗА_RO,1,IFERROR(MATCH(ЕТАЛОН_ПЛ,ПЛ_РЯДОК,0),0)),"")="",IFERROR(INDEX(БАЗА_RO,1,IFERROR(MATCH(ЕТАЛОН_ПЛ,ПЛ_РЯДОК,0),0)),"")=0),"",CG12/IFERROR(INDEX(БАЗА_RO,1,IFERROR(MATCH(ЕТАЛОН_ПЛ,ПЛ_РЯДОК,0),0)),"")-1) | CI26: =IF(OR(CI12="",ЕТАЛОН_ПЛ="",IFERROR(INDEX(БАЗА_RO,1,IFERROR(MATCH(ЕТАЛОН_ПЛ,ПЛ_РЯДОК,0),0)),"")=""),"",CI12-IFERROR(INDEX(БАЗА_RO,1,IFERROR(MATCH(ЕТАЛОН_ПЛ,ПЛ_РЯДОК,0),0)),"")) | CJ26: =IF(OR(CI12="",ЕТАЛОН_ПЛ="",IFERROR(INDEX(БАЗА_RO,1,IFERROR(MATCH(ЕТАЛОН_ПЛ,ПЛ_РЯДОК,0),0)),"")="",IFERROR(INDEX(БАЗА_RO,1,IFERROR(MATCH(ЕТАЛОН_ПЛ,ПЛ_РЯДОК,0),0)),"")=0),"",CI12/IFERROR(INDEX(БАЗА_RO,1,IFERROR(MATCH(ЕТАЛОН_ПЛ,ПЛ_РЯДОК,0),0)),"")-1) | CK26: =IF(OR(CK12="",ЕТАЛОН_ПЛ="",IFERROR(INDEX(БАЗА_RO,1,IFERROR(MATCH(ЕТАЛОН_ПЛ,ПЛ_РЯДОК,0),0)),"")=""),"",CK12-IFERROR(INDEX(БАЗА_RO,1,IFERROR(MATCH(ЕТАЛОН_ПЛ,ПЛ_РЯДОК,0),0)),"")) | CL26: =IF(OR(CK12="",ЕТАЛОН_ПЛ="",IFERROR(INDEX(БАЗА_RO,1,IFERROR(MATCH(ЕТАЛОН_ПЛ,ПЛ_РЯДОК,0),0)),"")="",IFERROR(INDEX(БАЗА_RO,1,IFERROR(MATCH(ЕТАЛОН_ПЛ,ПЛ_РЯДОК,0),0)),"")=0),"",CK12/IFERROR(INDEX(БАЗА_RO,1,IFERROR(MATCH(ЕТАЛОН_ПЛ,ПЛ_РЯДОК,0),0)),"")-1) | CM26: =IF(OR(CM12="",ЕТАЛОН_ПЛ="",IFERROR(INDEX(БАЗА_RO,1,IFERROR(MATCH(ЕТАЛОН_ПЛ,ПЛ_РЯДОК,0),0)),"")=""),"",CM12-IFERROR(INDEX(БАЗА_RO,1,IFERROR(MATCH(ЕТАЛОН_ПЛ,ПЛ_РЯДОК,0),0)),"")) | CN26: =IF(OR(CM12="",ЕТАЛОН_ПЛ="",IFERROR(INDEX(БАЗА_RO,1,IFERROR(MATCH(ЕТАЛОН_ПЛ,ПЛ_РЯДОК,0),0)),"")="",IFERROR(INDEX(БАЗА_RO,1,IFERROR(MATCH(ЕТАЛОН_ПЛ,ПЛ_РЯДОК,0),0)),"")=0),"",CM12/IFERROR(INDEX(БАЗА_RO,1,IFERROR(MATCH(ЕТАЛОН_ПЛ,ПЛ_РЯДОК,0),0)),"")-1) | CO26: =IF(OR(CO12="",ЕТАЛОН_ПЛ="",IFERROR(INDEX(БАЗА_RO,1,IFERROR(MATCH(ЕТАЛОН_ПЛ,ПЛ_РЯДОК,0),0)),"")=""),"",CO12-IFERROR(INDEX(БАЗА_RO,1,IFERROR(MATCH(ЕТАЛОН_ПЛ,ПЛ_РЯДОК,0),0)),"")) | CP26: =IF(OR(CO12="",ЕТАЛОН_ПЛ="",IFERROR(INDEX(БАЗА_RO,1,IFERROR(MATCH(ЕТАЛОН_ПЛ,ПЛ_РЯДОК,0),0)),"")="",IFERROR(INDEX(БАЗА_RO,1,IFERROR(MATCH(ЕТАЛОН_ПЛ,ПЛ_РЯДОК,0),0)),"")=0),"",CO12/IFERROR(INDEX(БАЗА_RO,1,IFERROR(MATCH(ЕТАЛОН_ПЛ,ПЛ_РЯДОК,0),0)),"")-1) | CQ26: =IF(OR(CQ12="",ЕТАЛОН_ПЛ="",IFERROR(INDEX(БАЗА_RO,1,IFERROR(MATCH(ЕТАЛОН_ПЛ,ПЛ_РЯДОК,0),0)),"")=""),"",CQ12-IFERROR(INDEX(БАЗА_RO,1,IFERROR(MATCH(ЕТАЛОН_ПЛ,ПЛ_РЯДОК,0),0)),"")) | CR26: =IF(OR(CQ12="",ЕТАЛОН_ПЛ="",IFERROR(INDEX(БАЗА_RO,1,IFERROR(MATCH(ЕТАЛОН_ПЛ,ПЛ_РЯДОК,0),0)),"")="",IFERROR(INDEX(БАЗА_RO,1,IFERROR(MATCH(ЕТАЛОН_ПЛ,ПЛ_РЯДОК,0),0)),"")=0),"",CQ12/IFERROR(INDEX(БАЗА_RO,1,IFERROR(MATCH(ЕТАЛОН_ПЛ,ПЛ_РЯДОК,0),0)),"")-1) | CS26: =IF(OR(CS12="",ЕТАЛОН_ПЛ="",IFERROR(INDEX(БАЗА_RO,1,IFERROR(MATCH(ЕТАЛОН_ПЛ,ПЛ_РЯДОК,0),0)),"")=""),"",CS12-IFERROR(INDEX(БАЗА_RO,1,IFERROR(MATCH(ЕТАЛОН_ПЛ,ПЛ_РЯДОК,0),0)),"")) | CT26: =IF(OR(CS12="",ЕТАЛОН_ПЛ="",IFERROR(INDEX(БАЗА_RO,1,IFERROR(MATCH(ЕТАЛОН_ПЛ,ПЛ_РЯДОК,0),0)),"")="",IFERROR(INDEX(БАЗА_RO,1,IFERROR(MATCH(ЕТАЛОН_ПЛ,ПЛ_РЯДОК,0),0)),"")=0),"",CS12/IFERROR(INDEX(БАЗА_RO,1,IFERROR(MATCH(ЕТАЛОН_ПЛ,ПЛ_РЯДОК,0),0)),"")-1) | CU26: =IF(OR(CU12="",ЕТАЛОН_ПЛ="",IFERROR(INDEX(БАЗА_RO,1,IFERROR(MATCH(ЕТАЛОН_ПЛ,ПЛ_РЯДОК,0),0)),"")=""),"",CU12-IFERROR(INDEX(БАЗА_RO,1,IFERROR(MATCH(ЕТАЛОН_ПЛ,ПЛ_РЯДОК,0),0)),"")) | CV26: =IF(OR(CU12="",ЕТАЛОН_ПЛ="",IFERROR(INDEX(БАЗА_RO,1,IFERROR(MATCH(ЕТАЛОН_ПЛ,ПЛ_РЯДОК,0),0)),"")="",IFERROR(INDEX(БАЗА_RO,1,IFERROR(MATCH(ЕТАЛОН_ПЛ,ПЛ_РЯДОК,0),0)),"")=0),"",CU12/IFERROR(INDEX(БАЗА_RO,1,IFERROR(MATCH(ЕТАЛОН_ПЛ,ПЛ_РЯДОК,0),0)),"")-1) | CW26: =IF(OR(CW12="",ЕТАЛОН_ПЛ="",IFERROR(INDEX(БАЗА_RO,1,IFERROR(MATCH(ЕТАЛОН_ПЛ,ПЛ_РЯДОК,0),0)),"")=""),"",CW12-IFERROR(INDEX(БАЗА_RO,1,IFERROR(MATCH(ЕТАЛОН_ПЛ,ПЛ_РЯДОК,0),0)),"")) | CX26: =IF(OR(CW12="",ЕТАЛОН_ПЛ="",IFERROR(INDEX(БАЗА_RO,1,IFERROR(MATCH(ЕТАЛОН_ПЛ,ПЛ_РЯДОК,0),0)),"")="",IFERROR(INDEX(БАЗА_RO,1,IFERROR(MATCH(ЕТАЛОН_ПЛ,ПЛ_РЯДОК,0),0)),"")=0),"",CW12/IFERROR(INDEX(БАЗА_RO,1,IFERROR(MATCH(ЕТАЛОН_ПЛ,ПЛ_РЯДОК,0),0)),"")-1) | CY26: =IF(OR(CY12="",ЕТАЛОН_ПЛ="",IFERROR(INDEX(БАЗА_RO,1,IFERROR(MATCH(ЕТАЛОН_ПЛ,ПЛ_РЯДОК,0),0)),"")=""),"",CY12-IFERROR(INDEX(БАЗА_RO,1,IFERROR(MATCH(ЕТАЛОН_ПЛ,ПЛ_РЯДОК,0),0)),"")) | CZ26: =IF(OR(CY12="",ЕТАЛОН_ПЛ="",IFERROR(INDEX(БАЗА_RO,1,IFERROR(MATCH(ЕТАЛОН_ПЛ,ПЛ_РЯДОК,0),0)),"")="",IFERROR(INDEX(БАЗА_RO,1,IFERROR(MATCH(ЕТАЛОН_ПЛ,ПЛ_РЯДОК,0),0)),"")=0),"",CY12/IFERROR(INDEX(БАЗА_RO,1,IFERROR(MATCH(ЕТАЛОН_ПЛ,ПЛ_РЯДОК,0),0)),"")-1) | DA26: =IF(OR(DA12="",ЕТАЛОН_ПЛ="",IFERROR(INDEX(БАЗА_RO,1,IFERROR(MATCH(ЕТАЛОН_ПЛ,ПЛ_РЯДОК,0),0)),"")=""),"",DA12-IFERROR(INDEX(БАЗА_RO,1,IFERROR(MATCH(ЕТАЛОН_ПЛ,ПЛ_РЯДОК,0),0)),"")) | DB26: =IF(OR(DA12="",ЕТАЛОН_ПЛ="",IFERROR(INDEX(БАЗА_RO,1,IFERROR(MATCH(ЕТАЛОН_ПЛ,ПЛ_РЯДОК,0),0)),"")="",IFERROR(INDEX(БАЗА_RO,1,IFERROR(MATCH(ЕТАЛОН_ПЛ,ПЛ_РЯДОК,0),0)),"")=0),"",DA12/IFERROR(INDEX(БАЗА_RO,1,IFERROR(MATCH(ЕТАЛОН_ПЛ,ПЛ_РЯДОК,0),0)),"")-1) | DC26: =IF(OR(DC12="",ЕТАЛОН_ПЛ="",IFERROR(INDEX(БАЗА_RO,1,IFERROR(MATCH(ЕТАЛОН_ПЛ,ПЛ_РЯДОК,0),0)),"")=""),"",DC12-IFERROR(INDEX(БАЗА_RO,1,IFERROR(MATCH(ЕТАЛОН_ПЛ,ПЛ_РЯДОК,0),0)),"")) | DD26: =IF(OR(DC12="",ЕТАЛОН_ПЛ="",IFERROR(INDEX(БАЗА_RO,1,IFERROR(MATCH(ЕТАЛОН_ПЛ,ПЛ_РЯДОК,0),0)),"")="",IFERROR(INDEX(БАЗА_RO,1,IFERROR(MATCH(ЕТАЛОН_ПЛ,ПЛ_РЯДОК,0),0)),"")=0),"",DC12/IFERROR(INDEX(БАЗА_RO,1,IFERROR(MATCH(ЕТАЛОН_ПЛ,ПЛ_РЯДОК,0),0)),"")-1) | DE26: =IF(OR(DE12="",ЕТАЛОН_ПЛ="",IFERROR(INDEX(БАЗА_RO,1,IFERROR(MATCH(ЕТАЛОН_ПЛ,ПЛ_РЯДОК,0),0)),"")=""),"",DE12-IFERROR(INDEX(БАЗА_RO,1,IFERROR(MATCH(ЕТАЛОН_ПЛ,ПЛ_РЯДОК,0),0)),"")) | DF26: =IF(OR(DE12="",ЕТАЛОН_ПЛ="",IFERROR(INDEX(БАЗА_RO,1,IFERROR(MATCH(ЕТАЛОН_ПЛ,ПЛ_РЯДОК,0),0)),"")="",IFERROR(INDEX(БАЗА_RO,1,IFERROR(MATCH(ЕТАЛОН_ПЛ,ПЛ_РЯДОК,0),0)),"")=0),"",DE12/IFERROR(INDEX(БАЗА_RO,1,IFERROR(MATCH(ЕТАЛОН_ПЛ,ПЛ_РЯДОК,0),0)),"")-1) | DG26: =IF(OR(DG12="",ЕТАЛОН_ПЛ="",IFERROR(INDEX(БАЗА_RO,1,IFERROR(MATCH(ЕТАЛОН_ПЛ,ПЛ_РЯДОК,0),0)),"")=""),"",DG12-IFERROR(INDEX(БАЗА_RO,1,IFERROR(MATCH(ЕТАЛОН_ПЛ,ПЛ_РЯДОК,0),0)),"")) | DH26: =IF(OR(DG12="",ЕТАЛОН_ПЛ="",IFERROR(INDEX(БАЗА_RO,1,IFERROR(MATCH(ЕТАЛОН_ПЛ,ПЛ_РЯДОК,0),0)),"")="",IFERROR(INDEX(БАЗА_RO,1,IFERROR(MATCH(ЕТАЛОН_ПЛ,ПЛ_РЯДОК,0),0)),"")=0),"",DG12/IFERROR(INDEX(БАЗА_RO,1,IFERROR(MATCH(ЕТАЛОН_ПЛ,ПЛ_РЯДОК,0),0)),"")-1) | DI26: =IF(OR(DI12="",ЕТАЛОН_ПЛ="",IFERROR(INDEX(БАЗА_RO,1,IFERROR(MATCH(ЕТАЛОН_ПЛ,ПЛ_РЯДОК,0),0)),"")=""),"",DI12-IFERROR(INDEX(БАЗА_RO,1,IFERROR(MATCH(ЕТАЛОН_ПЛ,ПЛ_РЯДОК,0),0)),"")) | DJ26: =IF(OR(DI12="",ЕТАЛОН_ПЛ="",IFERROR(INDEX(БАЗА_RO,1,IFERROR(MATCH(ЕТАЛОН_ПЛ,ПЛ_РЯДОК,0),0)),"")="",IFERROR(INDEX(БАЗА_RO,1,IFERROR(MATCH(ЕТАЛОН_ПЛ,ПЛ_РЯДОК,0),0)),"")=0),"",DI12/IFERROR(INDEX(БАЗА_RO,1,IFERROR(MATCH(ЕТАЛОН_ПЛ,ПЛ_РЯДОК,0),0)),"")-1) | DK26: =IF(OR(DK12="",ЕТАЛОН_ПЛ="",IFERROR(INDEX(БАЗА_RO,1,IFERROR(MATCH(ЕТАЛОН_ПЛ,ПЛ_РЯДОК,0),0)),"")=""),"",DK12-IFERROR(INDEX(БАЗА_RO,1,IFERROR(MATCH(ЕТАЛОН_ПЛ,ПЛ_РЯДОК,0),0)),"")) | DL26: =IF(OR(DK12="",ЕТАЛОН_ПЛ="",IFERROR(INDEX(БАЗА_RO,1,IFERROR(MATCH(ЕТАЛОН_ПЛ,ПЛ_РЯДОК,0),0)),"")="",IFERROR(INDEX(БАЗА_RO,1,IFERROR(MATCH(ЕТАЛОН_ПЛ,ПЛ_РЯДОК,0),0)),"")=0),"",DK12/IFERROR(INDEX(БАЗА_RO,1,IFERROR(MATCH(ЕТАЛОН_ПЛ,ПЛ_РЯДОК,0),0)),"")-1) | DM26: =IF(OR(DM12="",ЕТАЛОН_ПЛ="",IFERROR(INDEX(БАЗА_RO,1,IFERROR(MATCH(ЕТАЛОН_ПЛ,ПЛ_РЯДОК,0),0)),"")=""),"",DM12-IFERROR(INDEX(БАЗА_RO,1,IFERROR(MATCH(ЕТАЛОН_ПЛ,ПЛ_РЯДОК,0),0)),"")) | DN26: =IF(OR(DM12="",ЕТАЛОН_ПЛ="",IFERROR(INDEX(БАЗА_RO,1,IFERROR(MATCH(ЕТАЛОН_ПЛ,ПЛ_РЯДОК,0),0)),"")="",IFERROR(INDEX(БАЗА_RO,1,IFERROR(MATCH(ЕТАЛОН_ПЛ,ПЛ_РЯДОК,0),0)),"")=0),"",DM12/IFERROR(INDEX(БАЗА_RO,1,IFERROR(MATCH(ЕТАЛОН_ПЛ,ПЛ_РЯДОК,0),0)),"")-1) | DO26: =IF(OR(DO12="",ЕТАЛОН_ПЛ="",IFERROR(INDEX(БАЗА_RO,1,IFERROR(MATCH(ЕТАЛОН_ПЛ,ПЛ_РЯДОК,0),0)),"")=""),"",DO12-IFERROR(INDEX(БАЗА_RO,1,IFERROR(MATCH(ЕТАЛОН_ПЛ,ПЛ_РЯДОК,0),0)),"")) | DP26: =IF(OR(DO12="",ЕТАЛОН_ПЛ="",IFERROR(INDEX(БАЗА_RO,1,IFERROR(MATCH(ЕТАЛОН_ПЛ,ПЛ_РЯДОК,0),0)),"")="",IFERROR(INDEX(БАЗА_RO,1,IFERROR(MATCH(ЕТАЛОН_ПЛ,ПЛ_РЯДОК,0),0)),"")=0),"",DO12/IFERROR(INDEX(БАЗА_RO,1,IFERROR(MATCH(ЕТАЛОН_ПЛ,ПЛ_РЯДОК,0),0)),"")-1) | DQ26: =IF(OR(DQ12="",ЕТАЛОН_ПЛ="",IFERROR(INDEX(БАЗА_RO,1,IFERROR(MATCH(ЕТАЛОН_ПЛ,ПЛ_РЯДОК,0),0)),"")=""),"",DQ12-IFERROR(INDEX(БАЗА_RO,1,IFERROR(MATCH(ЕТАЛОН_ПЛ,ПЛ_РЯДОК,0),0)),"")) | DR26: =IF(OR(DQ12="",ЕТАЛОН_ПЛ="",IFERROR(INDEX(БАЗА_RO,1,IFERROR(MATCH(ЕТАЛОН_ПЛ,ПЛ_РЯДОК,0),0)),"")="",IFERROR(INDEX(БАЗА_RO,1,IFERROR(MATCH(ЕТАЛОН_ПЛ,ПЛ_РЯДОК,0),0)),"")=0),"",DQ12/IFERROR(INDEX(БАЗА_RO,1,IFERROR(MATCH(ЕТАЛОН_ПЛ,ПЛ_РЯДОК,0),0)),"")-1) | DS26: =IF(OR(DS12="",ЕТАЛОН_ПЛ="",IFERROR(INDEX(БАЗА_RO,1,IFERROR(MATCH(ЕТАЛОН_ПЛ,ПЛ_РЯДОК,0),0)),"")=""),"",DS12-IFERROR(INDEX(БАЗА_RO,1,IFERROR(MATCH(ЕТАЛОН_ПЛ,ПЛ_РЯДОК,0),0)),"")) | DT26: =IF(OR(DS12="",ЕТАЛОН_ПЛ="",IFERROR(INDEX(БАЗА_RO,1,IFERROR(MATCH(ЕТАЛОН_ПЛ,ПЛ_РЯДОК,0),0)),"")="",IFERROR(INDEX(БАЗА_RO,1,IFERROR(MATCH(ЕТАЛОН_ПЛ,ПЛ_РЯДОК,0),0)),"")=0),"",DS12/IFERROR(INDEX(БАЗА_RO,1,IFERROR(MATCH(ЕТАЛОН_ПЛ,ПЛ_РЯДОК,0),0)),"")-1) | DU26: =IF(OR(DU12="",ЕТАЛОН_ПЛ="",IFERROR(INDEX(БАЗА_RO,1,IFERROR(MATCH(ЕТАЛОН_ПЛ,ПЛ_РЯДОК,0),0)),"")=""),"",DU12-IFERROR(INDEX(БАЗА_RO,1,IFERROR(MATCH(ЕТАЛОН_ПЛ,ПЛ_РЯДОК,0),0)),"")) | DV26: =IF(OR(DU12="",ЕТАЛОН_ПЛ="",IFERROR(INDEX(БАЗА_RO,1,IFERROR(MATCH(ЕТАЛОН_ПЛ,ПЛ_РЯДОК,0),0)),"")="",IFERROR(INDEX(БАЗА_RO,1,IFERROR(MATCH(ЕТАЛОН_ПЛ,ПЛ_РЯДОК,0),0)),"")=0),"",DU12/IFERROR(INDEX(БАЗА_RO,1,IFERROR(MATCH(ЕТАЛОН_ПЛ,ПЛ_РЯДОК,0),0)),"")-1) | DW26: =IF(OR(DW12="",ЕТАЛОН_ПЛ="",IFERROR(INDEX(БАЗА_RO,1,IFERROR(MATCH(ЕТАЛОН_ПЛ,ПЛ_РЯДОК,0),0)),"")=""),"",DW12-IFERROR(INDEX(БАЗА_RO,1,IFERROR(MATCH(ЕТАЛОН_ПЛ,ПЛ_РЯДОК,0),0)),"")) | DX26: =IF(OR(DW12="",ЕТАЛОН_ПЛ="",IFERROR(INDEX(БАЗА_RO,1,IFERROR(MATCH(ЕТАЛОН_ПЛ,ПЛ_РЯДОК,0),0)),"")="",IFERROR(INDEX(БАЗА_RO,1,IFERROR(MATCH(ЕТАЛОН_ПЛ,ПЛ_РЯДОК,0),0)),"")=0),"",DW12/IFERROR(INDEX(БАЗА_RO,1,IFERROR(MATCH(ЕТАЛОН_ПЛ,ПЛ_РЯДОК,0),0)),"")-1)
F27: BBSPA | H27: Котедж комфорт класу | I27: =IF(OR(I13="",ЕТАЛОН_ПЛ="",IFERROR(INDEX(БАЗА_RO,2,IFERROR(MATCH(ЕТАЛОН_ПЛ,ПЛ_РЯДОК,0),0)),"")=""),"",I13-IFERROR(INDEX(БАЗА_RO,2,IFERROR(MATCH(ЕТАЛОН_ПЛ,ПЛ_РЯДОК,0),0)),"")) -> -2300 | J27: =IF(OR(I13="",ЕТАЛОН_ПЛ="",IFERROR(INDEX(БАЗА_RO,2,IFERROR(MATCH(ЕТАЛОН_ПЛ,ПЛ_РЯДОК,0),0)),"")="",IFERROR(INDEX(БАЗА_RO,2,IFERROR(MATCH(ЕТАЛОН_ПЛ,ПЛ_РЯДОК,0),0)),"")=0),"",I13/IFERROR(INDEX(БАЗА_RO,2,IFERROR(MATCH(ЕТАЛОН_ПЛ,ПЛ_РЯДОК,0),0)),"")-1) -> -0.24468085 | K27: =IF(OR(K13="",ЕТАЛОН_ПЛ="",IFERROR(INDEX(БАЗА_RO,2,IFERROR(MATCH(ЕТАЛОН_ПЛ,ПЛ_РЯДОК,0),0)),"")=""),"",K13-IFERROR(INDEX(БАЗА_RO,2,IFERROR(MATCH(ЕТАЛОН_ПЛ,ПЛ_РЯДОК,0),0)),"")) -> 0 | L27: =IF(OR(K13="",ЕТАЛОН_ПЛ="",IFERROR(INDEX(БАЗА_RO,2,IFERROR(MATCH(ЕТАЛОН_ПЛ,ПЛ_РЯДОК,0),0)),"")="",IFERROR(INDEX(БАЗА_RO,2,IFERROR(MATCH(ЕТАЛОН_ПЛ,ПЛ_РЯДОК,0),0)),"")=0),"",K13/IFERROR(INDEX(БАЗА_RO,2,IFERROR(MATCH(ЕТАЛОН_ПЛ,ПЛ_РЯДОК,0),0)),"")-1) -> 0 | M27: =IF(OR(M13="",ЕТАЛОН_ПЛ="",IFERROR(INDEX(БАЗА_RO,2,IFERROR(MATCH(ЕТАЛОН_ПЛ,ПЛ_РЯДОК,0),0)),"")=""),"",M13-IFERROR(INDEX(БАЗА_RO,2,IFERROR(MATCH(ЕТАЛОН_ПЛ,ПЛ_РЯДОК,0),0)),"")) -> -2820 | N27: =IF(OR(M13="",ЕТАЛОН_ПЛ="",IFERROR(INDEX(БАЗА_RO,2,IFERROR(MATCH(ЕТАЛОН_ПЛ,ПЛ_РЯДОК,0),0)),"")="",IFERROR(INDEX(БАЗА_RO,2,IFERROR(MATCH(ЕТАЛОН_ПЛ,ПЛ_РЯДОК,0),0)),"")=0),"",M13/IFERROR(INDEX(БАЗА_RO,2,IFERROR(MATCH(ЕТАЛОН_ПЛ,ПЛ_РЯДОК,0),0)),"")-1) -> -0.3 | O27: =IF(OR(O13="",ЕТАЛОН_ПЛ="",IFERROR(INDEX(БАЗА_RO,2,IFERROR(MATCH(ЕТАЛОН_ПЛ,ПЛ_РЯДОК,0),0)),"")=""),"",O13-IFERROR(INDEX(БАЗА_RO,2,IFERROR(MATCH(ЕТАЛОН_ПЛ,ПЛ_РЯДОК,0),0)),"")) -> -2350 | P27: =IF(OR(O13="",ЕТАЛОН_ПЛ="",IFERROR(INDEX(БАЗА_RO,2,IFERROR(MATCH(ЕТАЛОН_ПЛ,ПЛ_РЯДОК,0),0)),"")="",IFERROR(INDEX(БАЗА_RO,2,IFERROR(MATCH(ЕТАЛОН_ПЛ,ПЛ_РЯДОК,0),0)),"")=0),"",O13/IFERROR(INDEX(БАЗА_RO,2,IFERROR(MATCH(ЕТАЛОН_ПЛ,ПЛ_РЯДОК,0),0)),"")-1) -> -0.25 | Q27: =IF(OR(Q13="",ЕТАЛОН_ПЛ="",IFERROR(INDEX(БАЗА_RO,2,IFERROR(MATCH(ЕТАЛОН_ПЛ,ПЛ_РЯДОК,0),0)),"")=""),"",Q13-IFERROR(INDEX(БАЗА_RO,2,IFERROR(MATCH(ЕТАЛОН_ПЛ,ПЛ_РЯДОК,0),0)),"")) -> -2300 | R27: =IF(OR(Q13="",ЕТАЛОН_ПЛ="",IFERROR(INDEX(БАЗА_RO,2,IFERROR(MATCH(ЕТАЛОН_ПЛ,ПЛ_РЯДОК,0),0)),"")="",IFERROR(INDEX(БАЗА_RO,2,IFERROR(MATCH(ЕТАЛОН_ПЛ,ПЛ_РЯДОК,0),0)),"")=0),"",Q13/IFERROR(INDEX(БАЗА_RO,2,IFERROR(MATCH(ЕТАЛОН_ПЛ,ПЛ_РЯДОК,0),0)),"")-1) -> -0.24468085 | S27: =IF(OR(S13="",ЕТАЛОН_ПЛ="",IFERROR(INDEX(БАЗА_RO,2,IFERROR(MATCH(ЕТАЛОН_ПЛ,ПЛ_РЯДОК,0),0)),"")=""),"",S13-IFERROR(INDEX(БАЗА_RO,2,IFERROR(MATCH(ЕТАЛОН_ПЛ,ПЛ_РЯДОК,0),0)),"")) | T27: =IF(OR(S13="",ЕТАЛОН_ПЛ="",IFERROR(INDEX(БАЗА_RO,2,IFERROR(MATCH(ЕТАЛОН_ПЛ,ПЛ_РЯДОК,0),0)),"")="",IFERROR(INDEX(БАЗА_RO,2,IFERROR(MATCH(ЕТАЛОН_ПЛ,ПЛ_РЯДОК,0),0)),"")=0),"",S13/IFERROR(INDEX(БАЗА_RO,2,IFERROR(MATCH(ЕТАЛОН_ПЛ,ПЛ_РЯДОК,0),0)),"")-1) | U27: =IF(OR(U13="",ЕТАЛОН_ПЛ="",IFERROR(INDEX(БАЗА_RO,2,IFERROR(MATCH(ЕТАЛОН_ПЛ,ПЛ_РЯДОК,0),0)),"")=""),"",U13-IFERROR(INDEX(БАЗА_RO,2,IFERROR(MATCH(ЕТАЛОН_ПЛ,ПЛ_РЯДОК,0),0)),"")) -> -1880 | V27: =IF(OR(U13="",ЕТАЛОН_ПЛ="",IFERROR(INDEX(БАЗА_RO,2,IFERROR(MATCH(ЕТАЛОН_ПЛ,ПЛ_РЯДОК,0),0)),"")="",IFERROR(INDEX(БАЗА_RO,2,IFERROR(MATCH(ЕТАЛОН_ПЛ,ПЛ_РЯДОК,0),0)),"")=0),"",U13/IFERROR(INDEX(БАЗА_RO,2,IFERROR(MATCH(ЕТАЛОН_ПЛ,ПЛ_РЯДОК,0),0)),"")-1) -> -0.2 | W27: =IF(OR(W13="",ЕТАЛОН_ПЛ="",IFERROR(INDEX(БАЗА_RO,2,IFERROR(MATCH(ЕТАЛОН_ПЛ,ПЛ_РЯДОК,0),0)),"")=""),"",W13-IFERROR(INDEX(БАЗА_RO,2,IFERROR(MATCH(ЕТАЛОН_ПЛ,ПЛ_РЯДОК,0),0)),"")) | X27: =IF(OR(W13="",ЕТАЛОН_ПЛ="",IFERROR(INDEX(БАЗА_RO,2,IFERROR(MATCH(ЕТАЛОН_ПЛ,ПЛ_РЯДОК,0),0)),"")="",IFERROR(INDEX(БАЗА_RO,2,IFERROR(MATCH(ЕТАЛОН_ПЛ,ПЛ_РЯДОК,0),0)),"")=0),"",W13/IFERROR(INDEX(БАЗА_RO,2,IFERROR(MATCH(ЕТАЛОН_ПЛ,ПЛ_РЯДОК,0),0)),"")-1) | Y27: =IF(OR(Y13="",ЕТАЛОН_ПЛ="",IFERROR(INDEX(БАЗА_RO,2,IFERROR(MATCH(ЕТАЛОН_ПЛ,ПЛ_РЯДОК,0),0)),"")=""),"",Y13-IFERROR(INDEX(БАЗА_RO,2,IFERROR(MATCH(ЕТАЛОН_ПЛ,ПЛ_РЯДОК,0),0)),"")) | Z27: =IF(OR(Y13="",ЕТАЛОН_ПЛ="",IFERROR(INDEX(БАЗА_RO,2,IFERROR(MATCH(ЕТАЛОН_ПЛ,ПЛ_РЯДОК,0),0)),"")="",IFERROR(INDEX(БАЗА_RO,2,IFERROR(MATCH(ЕТАЛОН_ПЛ,ПЛ_РЯДОК,0),0)),"")=0),"",Y13/IFERROR(INDEX(БАЗА_RO,2,IFERROR(MATCH(ЕТАЛОН_ПЛ,ПЛ_РЯДОК,0),0)),"")-1) | AA27: =IF(OR(AA13="",ЕТАЛОН_ПЛ="",IFERROR(INDEX(БАЗА_RO,2,IFERROR(MATCH(ЕТАЛОН_ПЛ,ПЛ_РЯДОК,0),0)),"")=""),"",AA13-IFERROR(INDEX(БАЗА_RO,2,IFERROR(MATCH(ЕТАЛОН_ПЛ,ПЛ_РЯДОК,0),0)),"")) | AB27: =IF(OR(AA13="",ЕТАЛОН_ПЛ="",IFERROR(INDEX(БАЗА_RO,2,IFERROR(MATCH(ЕТАЛОН_ПЛ,ПЛ_РЯДОК,0),0)),"")="",IFERROR(INDEX(БАЗА_RO,2,IFERROR(MATCH(ЕТАЛОН_ПЛ,ПЛ_РЯДОК,0),0)),"")=0),"",AA13/IFERROR(INDEX(БАЗА_RO,2,IFERROR(MATCH(ЕТАЛОН_ПЛ,ПЛ_РЯДОК,0),0)),"")-1) | AC27: =IF(OR(AC13="",ЕТАЛОН_ПЛ="",IFERROR(INDEX(БАЗА_RO,2,IFERROR(MATCH(ЕТАЛОН_ПЛ,ПЛ_РЯДОК,0),0)),"")=""),"",AC13-IFERROR(INDEX(БАЗА_RO,2,IFERROR(MATCH(ЕТАЛОН_ПЛ,ПЛ_РЯДОК,0),0)),"")) | AD27: =IF(OR(AC13="",ЕТАЛОН_ПЛ="",IFERROR(INDEX(БАЗА_RO,2,IFERROR(MATCH(ЕТАЛОН_ПЛ,ПЛ_РЯДОК,0),0)),"")="",IFERROR(INDEX(БАЗА_RO,2,IFERROR(MATCH(ЕТАЛОН_ПЛ,ПЛ_РЯДОК,0),0)),"")=0),"",AC13/IFERROR(INDEX(БАЗА_RO,2,IFERROR(MATCH(ЕТАЛОН_ПЛ,ПЛ_РЯДОК,0),0)),"")-1) | AE27: =IF(OR(AE13="",ЕТАЛОН_ПЛ="",IFERROR(INDEX(БАЗА_RO,2,IFERROR(MATCH(ЕТАЛОН_ПЛ,ПЛ_РЯДОК,0),0)),"")=""),"",AE13-IFERROR(INDEX(БАЗА_RO,2,IFERROR(MATCH(ЕТАЛОН_ПЛ,ПЛ_РЯДОК,0),0)),"")) | AF27: =IF(OR(AE13="",ЕТАЛОН_ПЛ="",IFERROR(INDEX(БАЗА_RO,2,IFERROR(MATCH(ЕТАЛОН_ПЛ,ПЛ_РЯДОК,0),0)),"")="",IFERROR(INDEX(БАЗА_RO,2,IFERROR(MATCH(ЕТАЛОН_ПЛ,ПЛ_РЯДОК,0),0)),"")=0),"",AE13/IFERROR(INDEX(БАЗА_RO,2,IFERROR(MATCH(ЕТАЛОН_ПЛ,ПЛ_РЯДОК,0),0)),"")-1) | AG27: =IF(OR(AG13="",ЕТАЛОН_ПЛ="",IFERROR(INDEX(БАЗА_RO,2,IFERROR(MATCH(ЕТАЛОН_ПЛ,ПЛ_РЯДОК,0),0)),"")=""),"",AG13-IFERROR(INDEX(БАЗА_RO,2,IFERROR(MATCH(ЕТАЛОН_ПЛ,ПЛ_РЯДОК,0),0)),"")) | AH27: =IF(OR(AG13="",ЕТАЛОН_ПЛ="",IFERROR(INDEX(БАЗА_RO,2,IFERROR(MATCH(ЕТАЛОН_ПЛ,ПЛ_РЯДОК,0),0)),"")="",IFERROR(INDEX(БАЗА_RO,2,IFERROR(MATCH(ЕТАЛОН_ПЛ,ПЛ_РЯДОК,0),0)),"")=0),"",AG13/IFERROR(INDEX(БАЗА_RO,2,IFERROR(MATCH(ЕТАЛОН_ПЛ,ПЛ_РЯДОК,0),0)),"")-1) | AI27: =IF(OR(AI13="",ЕТАЛОН_ПЛ="",IFERROR(INDEX(БАЗА_RO,2,IFERROR(MATCH(ЕТАЛОН_ПЛ,ПЛ_РЯДОК,0),0)),"")=""),"",AI13-IFERROR(INDEX(БАЗА_RO,2,IFERROR(MATCH(ЕТАЛОН_ПЛ,ПЛ_РЯДОК,0),0)),"")) | AJ27: =IF(OR(AI13="",ЕТАЛОН_ПЛ="",IFERROR(INDEX(БАЗА_RO,2,IFERROR(MATCH(ЕТАЛОН_ПЛ,ПЛ_РЯДОК,0),0)),"")="",IFERROR(INDEX(БАЗА_RO,2,IFERROR(MATCH(ЕТАЛОН_ПЛ,ПЛ_РЯДОК,0),0)),"")=0),"",AI13/IFERROR(INDEX(БАЗА_RO,2,IFERROR(MATCH(ЕТАЛОН_ПЛ,ПЛ_РЯДОК,0),0)),"")-1) | AK27: =IF(OR(AK13="",ЕТАЛОН_ПЛ="",IFERROR(INDEX(БАЗА_RO,2,IFERROR(MATCH(ЕТАЛОН_ПЛ,ПЛ_РЯДОК,0),0)),"")=""),"",AK13-IFERROR(INDEX(БАЗА_RO,2,IFERROR(MATCH(ЕТАЛОН_ПЛ,ПЛ_РЯДОК,0),0)),"")) | AL27: =IF(OR(AK13="",ЕТАЛОН_ПЛ="",IFERROR(INDEX(БАЗА_RO,2,IFERROR(MATCH(ЕТАЛОН_ПЛ,ПЛ_РЯДОК,0),0)),"")="",IFERROR(INDEX(БАЗА_RO,2,IFERROR(MATCH(ЕТАЛОН_ПЛ,ПЛ_РЯДОК,0),0)),"")=0),"",AK13/IFERROR(INDEX(БАЗА_RO,2,IFERROR(MATCH(ЕТАЛОН_ПЛ,ПЛ_РЯДОК,0),0)),"")-1) | AM27: =IF(OR(AM13="",ЕТАЛОН_ПЛ="",IFERROR(INDEX(БАЗА_RO,2,IFERROR(MATCH(ЕТАЛОН_ПЛ,ПЛ_РЯДОК,0),0)),"")=""),"",AM13-IFERROR(INDEX(БАЗА_RO,2,IFERROR(MATCH(ЕТАЛОН_ПЛ,ПЛ_РЯДОК,0),0)),"")) | AN27: =IF(OR(AM13="",ЕТАЛОН_ПЛ="",IFERROR(INDEX(БАЗА_RO,2,IFERROR(MATCH(ЕТАЛОН_ПЛ,ПЛ_РЯДОК,0),0)),"")="",IFERROR(INDEX(БАЗА_RO,2,IFERROR(MATCH(ЕТАЛОН_ПЛ,ПЛ_РЯДОК,0),0)),"")=0),"",AM13/IFERROR(INDEX(БАЗА_RO,2,IFERROR(MATCH(ЕТАЛОН_ПЛ,ПЛ_РЯДОК,0),0)),"")-1) | AO27: =IF(OR(AO13="",ЕТАЛОН_ПЛ="",IFERROR(INDEX(БАЗА_RO,2,IFERROR(MATCH(ЕТАЛОН_ПЛ,ПЛ_РЯДОК,0),0)),"")=""),"",AO13-IFERROR(INDEX(БАЗА_RO,2,IFERROR(MATCH(ЕТАЛОН_ПЛ,ПЛ_РЯДОК,0),0)),"")) | AP27: =IF(OR(AO13="",ЕТАЛОН_ПЛ="",IFERROR(INDEX(БАЗА_RO,2,IFERROR(MATCH(ЕТАЛОН_ПЛ,ПЛ_РЯДОК,0),0)),"")="",IFERROR(INDEX(БАЗА_RO,2,IFERROR(MATCH(ЕТАЛОН_ПЛ,ПЛ_РЯДОК,0),0)),"")=0),"",AO13/IFERROR(INDEX(БАЗА_RO,2,IFERROR(MATCH(ЕТАЛОН_ПЛ,ПЛ_РЯДОК,0),0)),"")-1) | AQ27: =IF(OR(AQ13="",ЕТАЛОН_ПЛ="",IFERROR(INDEX(БАЗА_RO,2,IFERROR(MATCH(ЕТАЛОН_ПЛ,ПЛ_РЯДОК,0),0)),"")=""),"",AQ13-IFERROR(INDEX(БАЗА_RO,2,IFERROR(MATCH(ЕТАЛОН_ПЛ,ПЛ_РЯДОК,0),0)),"")) | AR27: =IF(OR(AQ13="",ЕТАЛОН_ПЛ="",IFERROR(INDEX(БАЗА_RO,2,IFERROR(MATCH(ЕТАЛОН_ПЛ,ПЛ_РЯДОК,0),0)),"")="",IFERROR(INDEX(БАЗА_RO,2,IFERROR(MATCH(ЕТАЛОН_ПЛ,ПЛ_РЯДОК,0),0)),"")=0),"",AQ13/IFERROR(INDEX(БАЗА_RO,2,IFERROR(MATCH(ЕТАЛОН_ПЛ,ПЛ_РЯДОК,0),0)),"")-1) | AS27: =IF(OR(AS13="",ЕТАЛОН_ПЛ="",IFERROR(INDEX(БАЗА_RO,2,IFERROR(MATCH(ЕТАЛОН_ПЛ,ПЛ_РЯДОК,0),0)),"")=""),"",AS13-IFERROR(INDEX(БАЗА_RO,2,IFERROR(MATCH(ЕТАЛОН_ПЛ,ПЛ_РЯДОК,0),0)),"")) | AT27: =IF(OR(AS13="",ЕТАЛОН_ПЛ="",IFERROR(INDEX(БАЗА_RO,2,IFERROR(MATCH(ЕТАЛОН_ПЛ,ПЛ_РЯДОК,0),0)),"")="",IFERROR(INDEX(БАЗА_RO,2,IFERROR(MATCH(ЕТАЛОН_ПЛ,ПЛ_РЯДОК,0),0)),"")=0),"",AS13/IFERROR(INDEX(БАЗА_RO,2,IFERROR(MATCH(ЕТАЛОН_ПЛ,ПЛ_РЯДОК,0),0)),"")-1) | AU27: =IF(OR(AU13="",ЕТАЛОН_ПЛ="",IFERROR(INDEX(БАЗА_RO,2,IFERROR(MATCH(ЕТАЛОН_ПЛ,ПЛ_РЯДОК,0),0)),"")=""),"",AU13-IFERROR(INDEX(БАЗА_RO,2,IFERROR(MATCH(ЕТАЛОН_ПЛ,ПЛ_РЯДОК,0),0)),"")) | AV27: =IF(OR(AU13="",ЕТАЛОН_ПЛ="",IFERROR(INDEX(БАЗА_RO,2,IFERROR(MATCH(ЕТАЛОН_ПЛ,ПЛ_РЯДОК,0),0)),"")="",IFERROR(INDEX(БАЗА_RO,2,IFERROR(MATCH(ЕТАЛОН_ПЛ,ПЛ_РЯДОК,0),0)),"")=0),"",AU13/IFERROR(INDEX(БАЗА_RO,2,IFERROR(MATCH(ЕТАЛОН_ПЛ,ПЛ_РЯДОК,0),0)),"")-1) | AW27: =IF(OR(AW13="",ЕТАЛОН_ПЛ="",IFERROR(INDEX(БАЗА_RO,2,IFERROR(MATCH(ЕТАЛОН_ПЛ,ПЛ_РЯДОК,0),0)),"")=""),"",AW13-IFERROR(INDEX(БАЗА_RO,2,IFERROR(MATCH(ЕТАЛОН_ПЛ,ПЛ_РЯДОК,0),0)),"")) | AX27: =IF(OR(AW13="",ЕТАЛОН_ПЛ="",IFERROR(INDEX(БАЗА_RO,2,IFERROR(MATCH(ЕТАЛОН_ПЛ,ПЛ_РЯДОК,0),0)),"")="",IFERROR(INDEX(БАЗА_RO,2,IFERROR(MATCH(ЕТАЛОН_ПЛ,ПЛ_РЯДОК,0),0)),"")=0),"",AW13/IFERROR(INDEX(БАЗА_RO,2,IFERROR(MATCH(ЕТАЛОН_ПЛ,ПЛ_РЯДОК,0),0)),"")-1) | AY27: =IF(OR(AY13="",ЕТАЛОН_ПЛ="",IFERROR(INDEX(БАЗА_RO,2,IFERROR(MATCH(ЕТАЛОН_ПЛ,ПЛ_РЯДОК,0),0)),"")=""),"",AY13-IFERROR(INDEX(БАЗА_RO,2,IFERROR(MATCH(ЕТАЛОН_ПЛ,ПЛ_РЯДОК,0),0)),"")) | AZ27: =IF(OR(AY13="",ЕТАЛОН_ПЛ="",IFERROR(INDEX(БАЗА_RO,2,IFERROR(MATCH(ЕТАЛОН_ПЛ,ПЛ_РЯДОК,0),0)),"")="",IFERROR(INDEX(БАЗА_RO,2,IFERROR(MATCH(ЕТАЛОН_ПЛ,ПЛ_РЯДОК,0),0)),"")=0),"",AY13/IFERROR(INDEX(БАЗА_RO,2,IFERROR(MATCH(ЕТАЛОН_ПЛ,ПЛ_РЯДОК,0),0)),"")-1) | BA27: =IF(OR(BA13="",ЕТАЛОН_ПЛ="",IFERROR(INDEX(БАЗА_RO,2,IFERROR(MATCH(ЕТАЛОН_ПЛ,ПЛ_РЯДОК,0),0)),"")=""),"",BA13-IFERROR(INDEX(БАЗА_RO,2,IFERROR(MATCH(ЕТАЛОН_ПЛ,ПЛ_РЯДОК,0),0)),"")) | BB27: =IF(OR(BA13="",ЕТАЛОН_ПЛ="",IFERROR(INDEX(БАЗА_RO,2,IFERROR(MATCH(ЕТАЛОН_ПЛ,ПЛ_РЯДОК,0),0)),"")="",IFERROR(INDEX(БАЗА_RO,2,IFERROR(MATCH(ЕТАЛОН_ПЛ,ПЛ_РЯДОК,0),0)),"")=0),"",BA13/IFERROR(INDEX(БАЗА_RO,2,IFERROR(MATCH(ЕТАЛОН_ПЛ,ПЛ_РЯДОК,0),0)),"")-1) | BC27: =IF(OR(BC13="",ЕТАЛОН_ПЛ="",IFERROR(INDEX(БАЗА_RO,2,IFERROR(MATCH(ЕТАЛОН_ПЛ,ПЛ_РЯДОК,0),0)),"")=""),"",BC13-IFERROR(INDEX(БАЗА_RO,2,IFERROR(MATCH(ЕТАЛОН_ПЛ,ПЛ_РЯДОК,0),0)),"")) | BD27: =IF(OR(BC13="",ЕТАЛОН_ПЛ="",IFERROR(INDEX(БАЗА_RO,2,IFERROR(MATCH(ЕТАЛОН_ПЛ,ПЛ_РЯДОК,0),0)),"")="",IFERROR(INDEX(БАЗА_RO,2,IFERROR(MATCH(ЕТАЛОН_ПЛ,ПЛ_РЯДОК,0),0)),"")=0),"",BC13/IFERROR(INDEX(БАЗА_RO,2,IFERROR(MATCH(ЕТАЛОН_ПЛ,ПЛ_РЯДОК,0),0)),"")-1) | BE27: =IF(OR(BE13="",ЕТАЛОН_ПЛ="",IFERROR(INDEX(БАЗА_RO,2,IFERROR(MATCH(ЕТАЛОН_ПЛ,ПЛ_РЯДОК,0),0)),"")=""),"",BE13-IFERROR(INDEX(БАЗА_RO,2,IFERROR(MATCH(ЕТАЛОН_ПЛ,ПЛ_РЯДОК,0),0)),"")) | BF27: =IF(OR(BE13="",ЕТАЛОН_ПЛ="",IFERROR(INDEX(БАЗА_RO,2,IFERROR(MATCH(ЕТАЛОН_ПЛ,ПЛ_РЯДОК,0),0)),"")="",IFERROR(INDEX(БАЗА_RO,2,IFERROR(MATCH(ЕТАЛОН_ПЛ,ПЛ_РЯДОК,0),0)),"")=0),"",BE13/IFERROR(INDEX(БАЗА_RO,2,IFERROR(MATCH(ЕТАЛОН_ПЛ,ПЛ_РЯДОК,0),0)),"")-1) | BG27: =IF(OR(BG13="",ЕТАЛОН_ПЛ="",IFERROR(INDEX(БАЗА_RO,2,IFERROR(MATCH(ЕТАЛОН_ПЛ,ПЛ_РЯДОК,0),0)),"")=""),"",BG13-IFERROR(INDEX(БАЗА_RO,2,IFERROR(MATCH(ЕТАЛОН_ПЛ,ПЛ_РЯДОК,0),0)),"")) | BH27: =IF(OR(BG13="",ЕТАЛОН_ПЛ="",IFERROR(INDEX(БАЗА_RO,2,IFERROR(MATCH(ЕТАЛОН_ПЛ,ПЛ_РЯДОК,0),0)),"")="",IFERROR(INDEX(БАЗА_RO,2,IFERROR(MATCH(ЕТАЛОН_ПЛ,ПЛ_РЯДОК,0),0)),"")=0),"",BG13/IFERROR(INDEX(БАЗА_RO,2,IFERROR(MATCH(ЕТАЛОН_ПЛ,ПЛ_РЯДОК,0),0)),"")-1) | BI27: =IF(OR(BI13="",ЕТАЛОН_ПЛ="",IFERROR(INDEX(БАЗА_RO,2,IFERROR(MATCH(ЕТАЛОН_ПЛ,ПЛ_РЯДОК,0),0)),"")=""),"",BI13-IFERROR(INDEX(БАЗА_RO,2,IFERROR(MATCH(ЕТАЛОН_ПЛ,ПЛ_РЯДОК,0),0)),"")) | BJ27: =IF(OR(BI13="",ЕТАЛОН_ПЛ="",IFERROR(INDEX(БАЗА_RO,2,IFERROR(MATCH(ЕТАЛОН_ПЛ,ПЛ_РЯДОК,0),0)),"")="",IFERROR(INDEX(БАЗА_RO,2,IFERROR(MATCH(ЕТАЛОН_ПЛ,ПЛ_РЯДОК,0),0)),"")=0),"",BI13/IFERROR(INDEX(БАЗА_RO,2,IFERROR(MATCH(ЕТАЛОН_ПЛ,ПЛ_РЯДОК,0),0)),"")-1) | BK27: =IF(OR(BK13="",ЕТАЛОН_ПЛ="",IFERROR(INDEX(БАЗА_RO,2,IFERROR(MATCH(ЕТАЛОН_ПЛ,ПЛ_РЯДОК,0),0)),"")=""),"",BK13-IFERROR(INDEX(БАЗА_RO,2,IFERROR(MATCH(ЕТАЛОН_ПЛ,ПЛ_РЯДОК,0),0)),"")) | BL27: =IF(OR(BK13="",ЕТАЛОН_ПЛ="",IFERROR(INDEX(БАЗА_RO,2,IFERROR(MATCH(ЕТАЛОН_ПЛ,ПЛ_РЯДОК,0),0)),"")="",IFERROR(INDEX(БАЗА_RO,2,IFERROR(MATCH(ЕТАЛОН_ПЛ,ПЛ_РЯДОК,0),0)),"")=0),"",BK13/IFERROR(INDEX(БАЗА_RO,2,IFERROR(MATCH(ЕТАЛОН_ПЛ,ПЛ_РЯДОК,0),0)),"")-1) | BM27: =IF(OR(BM13="",ЕТАЛОН_ПЛ="",IFERROR(INDEX(БАЗА_RO,2,IFERROR(MATCH(ЕТАЛОН_ПЛ,ПЛ_РЯДОК,0),0)),"")=""),"",BM13-IFERROR(INDEX(БАЗА_RO,2,IFERROR(MATCH(ЕТАЛОН_ПЛ,ПЛ_РЯДОК,0),0)),"")) | BN27: =IF(OR(BM13="",ЕТАЛОН_ПЛ="",IFERROR(INDEX(БАЗА_RO,2,IFERROR(MATCH(ЕТАЛОН_ПЛ,ПЛ_РЯДОК,0),0)),"")="",IFERROR(INDEX(БАЗА_RO,2,IFERROR(MATCH(ЕТАЛОН_ПЛ,ПЛ_РЯДОК,0),0)),"")=0),"",BM13/IFERROR(INDEX(БАЗА_RO,2,IFERROR(MATCH(ЕТАЛОН_ПЛ,ПЛ_РЯДОК,0),0)),"")-1) | BO27: =IF(OR(BO13="",ЕТАЛОН_ПЛ="",IFERROR(INDEX(БАЗА_RO,2,IFERROR(MATCH(ЕТАЛОН_ПЛ,ПЛ_РЯДОК,0),0)),"")=""),"",BO13-IFERROR(INDEX(БАЗА_RO,2,IFERROR(MATCH(ЕТАЛОН_ПЛ,ПЛ_РЯДОК,0),0)),"")) | BP27: =IF(OR(BO13="",ЕТАЛОН_ПЛ="",IFERROR(INDEX(БАЗА_RO,2,IFERROR(MATCH(ЕТАЛОН_ПЛ,ПЛ_РЯДОК,0),0)),"")="",IFERROR(INDEX(БАЗА_RO,2,IFERROR(MATCH(ЕТАЛОН_ПЛ,ПЛ_РЯДОК,0),0)),"")=0),"",BO13/IFERROR(INDEX(БАЗА_RO,2,IFERROR(MATCH(ЕТАЛОН_ПЛ,ПЛ_РЯДОК,0),0)),"")-1) | BQ27: =IF(OR(BQ13="",ЕТАЛОН_ПЛ="",IFERROR(INDEX(БАЗА_RO,2,IFERROR(MATCH(ЕТАЛОН_ПЛ,ПЛ_РЯДОК,0),0)),"")=""),"",BQ13-IFERROR(INDEX(БАЗА_RO,2,IFERROR(MATCH(ЕТАЛОН_ПЛ,ПЛ_РЯДОК,0),0)),"")) | BR27: =IF(OR(BQ13="",ЕТАЛОН_ПЛ="",IFERROR(INDEX(БАЗА_RO,2,IFERROR(MATCH(ЕТАЛОН_ПЛ,ПЛ_РЯДОК,0),0)),"")="",IFERROR(INDEX(БАЗА_RO,2,IFERROR(MATCH(ЕТАЛОН_ПЛ,ПЛ_РЯДОК,0),0)),"")=0),"",BQ13/IFERROR(INDEX(БАЗА_RO,2,IFERROR(MATCH(ЕТАЛОН_ПЛ,ПЛ_РЯДОК,0),0)),"")-1) | BS27: =IF(OR(BS13="",ЕТАЛОН_ПЛ="",IFERROR(INDEX(БАЗА_RO,2,IFERROR(MATCH(ЕТАЛОН_ПЛ,ПЛ_РЯДОК,0),0)),"")=""),"",BS13-IFERROR(INDEX(БАЗА_RO,2,IFERROR(MATCH(ЕТАЛОН_ПЛ,ПЛ_РЯДОК,0),0)),"")) | BT27: =IF(OR(BS13="",ЕТАЛОН_ПЛ="",IFERROR(INDEX(БАЗА_RO,2,IFERROR(MATCH(ЕТАЛОН_ПЛ,ПЛ_РЯДОК,0),0)),"")="",IFERROR(INDEX(БАЗА_RO,2,IFERROR(MATCH(ЕТАЛОН_ПЛ,ПЛ_РЯДОК,0),0)),"")=0),"",BS13/IFERROR(INDEX(БАЗА_RO,2,IFERROR(MATCH(ЕТАЛОН_ПЛ,ПЛ_РЯДОК,0),0)),"")-1) | BU27: =IF(OR(BU13="",ЕТАЛОН_ПЛ="",IFERROR(INDEX(БАЗА_RO,2,IFERROR(MATCH(ЕТАЛОН_ПЛ,ПЛ_РЯДОК,0),0)),"")=""),"",BU13-IFERROR(INDEX(БАЗА_RO,2,IFERROR(MATCH(ЕТАЛОН_ПЛ,ПЛ_РЯДОК,0),0)),"")) | BV27: =IF(OR(BU13="",ЕТАЛОН_ПЛ="",IFERROR(INDEX(БАЗА_RO,2,IFERROR(MATCH(ЕТАЛОН_ПЛ,ПЛ_РЯДОК,0),0)),"")="",IFERROR(INDEX(БАЗА_RO,2,IFERROR(MATCH(ЕТАЛОН_ПЛ,ПЛ_РЯДОК,0),0)),"")=0),"",BU13/IFERROR(INDEX(БАЗА_RO,2,IFERROR(MATCH(ЕТАЛОН_ПЛ,ПЛ_РЯДОК,0),0)),"")-1) | BW27: =IF(OR(BW13="",ЕТАЛОН_ПЛ="",IFERROR(INDEX(БАЗА_RO,2,IFERROR(MATCH(ЕТАЛОН_ПЛ,ПЛ_РЯДОК,0),0)),"")=""),"",BW13-IFERROR(INDEX(БАЗА_RO,2,IFERROR(MATCH(ЕТАЛОН_ПЛ,ПЛ_РЯДОК,0),0)),"")) | BX27: =IF(OR(BW13="",ЕТАЛОН_ПЛ="",IFERROR(INDEX(БАЗА_RO,2,IFERROR(MATCH(ЕТАЛОН_ПЛ,ПЛ_РЯДОК,0),0)),"")="",IFERROR(INDEX(БАЗА_RO,2,IFERROR(MATCH(ЕТАЛОН_ПЛ,ПЛ_РЯДОК,0),0)),"")=0),"",BW13/IFERROR(INDEX(БАЗА_RO,2,IFERROR(MATCH(ЕТАЛОН_ПЛ,ПЛ_РЯДОК,0),0)),"")-1) | BY27: =IF(OR(BY13="",ЕТАЛОН_ПЛ="",IFERROR(INDEX(БАЗА_RO,2,IFERROR(MATCH(ЕТАЛОН_ПЛ,ПЛ_РЯДОК,0),0)),"")=""),"",BY13-IFERROR(INDEX(БАЗА_RO,2,IFERROR(MATCH(ЕТАЛОН_ПЛ,ПЛ_РЯДОК,0),0)),"")) | BZ27: =IF(OR(BY13="",ЕТАЛОН_ПЛ="",IFERROR(INDEX(БАЗА_RO,2,IFERROR(MATCH(ЕТАЛОН_ПЛ,ПЛ_РЯДОК,0),0)),"")="",IFERROR(INDEX(БАЗА_RO,2,IFERROR(MATCH(ЕТАЛОН_ПЛ,ПЛ_РЯДОК,0),0)),"")=0),"",BY13/IFERROR(INDEX(БАЗА_RO,2,IFERROR(MATCH(ЕТАЛОН_ПЛ,ПЛ_РЯДОК,0),0)),"")-1) | CA27: =IF(OR(CA13="",ЕТАЛОН_ПЛ="",IFERROR(INDEX(БАЗА_RO,2,IFERROR(MATCH(ЕТАЛОН_ПЛ,ПЛ_РЯДОК,0),0)),"")=""),"",CA13-IFERROR(INDEX(БАЗА_RO,2,IFERROR(MATCH(ЕТАЛОН_ПЛ,ПЛ_РЯДОК,0),0)),"")) | CB27: =IF(OR(CA13="",ЕТАЛОН_ПЛ="",IFERROR(INDEX(БАЗА_RO,2,IFERROR(MATCH(ЕТАЛОН_ПЛ,ПЛ_РЯДОК,0),0)),"")="",IFERROR(INDEX(БАЗА_RO,2,IFERROR(MATCH(ЕТАЛОН_ПЛ,ПЛ_РЯДОК,0),0)),"")=0),"",CA13/IFERROR(INDEX(БАЗА_RO,2,IFERROR(MATCH(ЕТАЛОН_ПЛ,ПЛ_РЯДОК,0),0)),"")-1) | CC27: =IF(OR(CC13="",ЕТАЛОН_ПЛ="",IFERROR(INDEX(БАЗА_RO,2,IFERROR(MATCH(ЕТАЛОН_ПЛ,ПЛ_РЯДОК,0),0)),"")=""),"",CC13-IFERROR(INDEX(БАЗА_RO,2,IFERROR(MATCH(ЕТАЛОН_ПЛ,ПЛ_РЯДОК,0),0)),"")) | CD27: =IF(OR(CC13="",ЕТАЛОН_ПЛ="",IFERROR(INDEX(БАЗА_RO,2,IFERROR(MATCH(ЕТАЛОН_ПЛ,ПЛ_РЯДОК,0),0)),"")="",IFERROR(INDEX(БАЗА_RO,2,IFERROR(MATCH(ЕТАЛОН_ПЛ,ПЛ_РЯДОК,0),0)),"")=0),"",CC13/IFERROR(INDEX(БАЗА_RO,2,IFERROR(MATCH(ЕТАЛОН_ПЛ,ПЛ_РЯДОК,0),0)),"")-1) | CE27: =IF(OR(CE13="",ЕТАЛОН_ПЛ="",IFERROR(INDEX(БАЗА_RO,2,IFERROR(MATCH(ЕТАЛОН_ПЛ,ПЛ_РЯДОК,0),0)),"")=""),"",CE13-IFERROR(INDEX(БАЗА_RO,2,IFERROR(MATCH(ЕТАЛОН_ПЛ,ПЛ_РЯДОК,0),0)),"")) | CF27: =IF(OR(CE13="",ЕТАЛОН_ПЛ="",IFERROR(INDEX(БАЗА_RO,2,IFERROR(MATCH(ЕТАЛОН_ПЛ,ПЛ_РЯДОК,0),0)),"")="",IFERROR(INDEX(БАЗА_RO,2,IFERROR(MATCH(ЕТАЛОН_ПЛ,ПЛ_РЯДОК,0),0)),"")=0),"",CE13/IFERROR(INDEX(БАЗА_RO,2,IFERROR(MATCH(ЕТАЛОН_ПЛ,ПЛ_РЯДОК,0),0)),"")-1) | CG27: =IF(OR(CG13="",ЕТАЛОН_ПЛ="",IFERROR(INDEX(БАЗА_RO,2,IFERROR(MATCH(ЕТАЛОН_ПЛ,ПЛ_РЯДОК,0),0)),"")=""),"",CG13-IFERROR(INDEX(БАЗА_RO,2,IFERROR(MATCH(ЕТАЛОН_ПЛ,ПЛ_РЯДОК,0),0)),"")) | CH27: =IF(OR(CG13="",ЕТАЛОН_ПЛ="",IFERROR(INDEX(БАЗА_RO,2,IFERROR(MATCH(ЕТАЛОН_ПЛ,ПЛ_РЯДОК,0),0)),"")="",IFERROR(INDEX(БАЗА_RO,2,IFERROR(MATCH(ЕТАЛОН_ПЛ,ПЛ_РЯДОК,0),0)),"")=0),"",CG13/IFERROR(INDEX(БАЗА_RO,2,IFERROR(MATCH(ЕТАЛОН_ПЛ,ПЛ_РЯДОК,0),0)),"")-1) | CI27: =IF(OR(CI13="",ЕТАЛОН_ПЛ="",IFERROR(INDEX(БАЗА_RO,2,IFERROR(MATCH(ЕТАЛОН_ПЛ,ПЛ_РЯДОК,0),0)),"")=""),"",CI13-IFERROR(INDEX(БАЗА_RO,2,IFERROR(MATCH(ЕТАЛОН_ПЛ,ПЛ_РЯДОК,0),0)),"")) | CJ27: =IF(OR(CI13="",ЕТАЛОН_ПЛ="",IFERROR(INDEX(БАЗА_RO,2,IFERROR(MATCH(ЕТАЛОН_ПЛ,ПЛ_РЯДОК,0),0)),"")="",IFERROR(INDEX(БАЗА_RO,2,IFERROR(MATCH(ЕТАЛОН_ПЛ,ПЛ_РЯДОК,0),0)),"")=0),"",CI13/IFERROR(INDEX(БАЗА_RO,2,IFERROR(MATCH(ЕТАЛОН_ПЛ,ПЛ_РЯДОК,0),0)),"")-1) | CK27: =IF(OR(CK13="",ЕТАЛОН_ПЛ="",IFERROR(INDEX(БАЗА_RO,2,IFERROR(MATCH(ЕТАЛОН_ПЛ,ПЛ_РЯДОК,0),0)),"")=""),"",CK13-IFERROR(INDEX(БАЗА_RO,2,IFERROR(MATCH(ЕТАЛОН_ПЛ,ПЛ_РЯДОК,0),0)),"")) | CL27: =IF(OR(CK13="",ЕТАЛОН_ПЛ="",IFERROR(INDEX(БАЗА_RO,2,IFERROR(MATCH(ЕТАЛОН_ПЛ,ПЛ_РЯДОК,0),0)),"")="",IFERROR(INDEX(БАЗА_RO,2,IFERROR(MATCH(ЕТАЛОН_ПЛ,ПЛ_РЯДОК,0),0)),"")=0),"",CK13/IFERROR(INDEX(БАЗА_RO,2,IFERROR(MATCH(ЕТАЛОН_ПЛ,ПЛ_РЯДОК,0),0)),"")-1) | CM27: =IF(OR(CM13="",ЕТАЛОН_ПЛ="",IFERROR(INDEX(БАЗА_RO,2,IFERROR(MATCH(ЕТАЛОН_ПЛ,ПЛ_РЯДОК,0),0)),"")=""),"",CM13-IFERROR(INDEX(БАЗА_RO,2,IFERROR(MATCH(ЕТАЛОН_ПЛ,ПЛ_РЯДОК,0),0)),"")) | CN27: =IF(OR(CM13="",ЕТАЛОН_ПЛ="",IFERROR(INDEX(БАЗА_RO,2,IFERROR(MATCH(ЕТАЛОН_ПЛ,ПЛ_РЯДОК,0),0)),"")="",IFERROR(INDEX(БАЗА_RO,2,IFERROR(MATCH(ЕТАЛОН_ПЛ,ПЛ_РЯДОК,0),0)),"")=0),"",CM13/IFERROR(INDEX(БАЗА_RO,2,IFERROR(MATCH(ЕТАЛОН_ПЛ,ПЛ_РЯДОК,0),0)),"")-1) | CO27: =IF(OR(CO13="",ЕТАЛОН_ПЛ="",IFERROR(INDEX(БАЗА_RO,2,IFERROR(MATCH(ЕТАЛОН_ПЛ,ПЛ_РЯДОК,0),0)),"")=""),"",CO13-IFERROR(INDEX(БАЗА_RO,2,IFERROR(MATCH(ЕТАЛОН_ПЛ,ПЛ_РЯДОК,0),0)),"")) | CP27: =IF(OR(CO13="",ЕТАЛОН_ПЛ="",IFERROR(INDEX(БАЗА_RO,2,IFERROR(MATCH(ЕТАЛОН_ПЛ,ПЛ_РЯДОК,0),0)),"")="",IFERROR(INDEX(БАЗА_RO,2,IFERROR(MATCH(ЕТАЛОН_ПЛ,ПЛ_РЯДОК,0),0)),"")=0),"",CO13/IFERROR(INDEX(БАЗА_RO,2,IFERROR(MATCH(ЕТАЛОН_ПЛ,ПЛ_РЯДОК,0),0)),"")-1) | CQ27: =IF(OR(CQ13="",ЕТАЛОН_ПЛ="",IFERROR(INDEX(БАЗА_RO,2,IFERROR(MATCH(ЕТАЛОН_ПЛ,ПЛ_РЯДОК,0),0)),"")=""),"",CQ13-IFERROR(INDEX(БАЗА_RO,2,IFERROR(MATCH(ЕТАЛОН_ПЛ,ПЛ_РЯДОК,0),0)),"")) | CR27: =IF(OR(CQ13="",ЕТАЛОН_ПЛ="",IFERROR(INDEX(БАЗА_RO,2,IFERROR(MATCH(ЕТАЛОН_ПЛ,ПЛ_РЯДОК,0),0)),"")="",IFERROR(INDEX(БАЗА_RO,2,IFERROR(MATCH(ЕТАЛОН_ПЛ,ПЛ_РЯДОК,0),0)),"")=0),"",CQ13/IFERROR(INDEX(БАЗА_RO,2,IFERROR(MATCH(ЕТАЛОН_ПЛ,ПЛ_РЯДОК,0),0)),"")-1) | CS27: =IF(OR(CS13="",ЕТАЛОН_ПЛ="",IFERROR(INDEX(БАЗА_RO,2,IFERROR(MATCH(ЕТАЛОН_ПЛ,ПЛ_РЯДОК,0),0)),"")=""),"",CS13-IFERROR(INDEX(БАЗА_RO,2,IFERROR(MATCH(ЕТАЛОН_ПЛ,ПЛ_РЯДОК,0),0)),"")) | CT27: =IF(OR(CS13="",ЕТАЛОН_ПЛ="",IFERROR(INDEX(БАЗА_RO,2,IFERROR(MATCH(ЕТАЛОН_ПЛ,ПЛ_РЯДОК,0),0)),"")="",IFERROR(INDEX(БАЗА_RO,2,IFERROR(MATCH(ЕТАЛОН_ПЛ,ПЛ_РЯДОК,0),0)),"")=0),"",CS13/IFERROR(INDEX(БАЗА_RO,2,IFERROR(MATCH(ЕТАЛОН_ПЛ,ПЛ_РЯДОК,0),0)),"")-1) | CU27: =IF(OR(CU13="",ЕТАЛОН_ПЛ="",IFERROR(INDEX(БАЗА_RO,2,IFERROR(MATCH(ЕТАЛОН_ПЛ,ПЛ_РЯДОК,0),0)),"")=""),"",CU13-IFERROR(INDEX(БАЗА_RO,2,IFERROR(MATCH(ЕТАЛОН_ПЛ,ПЛ_РЯДОК,0),0)),"")) | CV27: =IF(OR(CU13="",ЕТАЛОН_ПЛ="",IFERROR(INDEX(БАЗА_RO,2,IFERROR(MATCH(ЕТАЛОН_ПЛ,ПЛ_РЯДОК,0),0)),"")="",IFERROR(INDEX(БАЗА_RO,2,IFERROR(MATCH(ЕТАЛОН_ПЛ,ПЛ_РЯДОК,0),0)),"")=0),"",CU13/IFERROR(INDEX(БАЗА_RO,2,IFERROR(MATCH(ЕТАЛОН_ПЛ,ПЛ_РЯДОК,0),0)),"")-1) | CW27: =IF(OR(CW13="",ЕТАЛОН_ПЛ="",IFERROR(INDEX(БАЗА_RO,2,IFERROR(MATCH(ЕТАЛОН_ПЛ,ПЛ_РЯДОК,0),0)),"")=""),"",CW13-IFERROR(INDEX(БАЗА_RO,2,IFERROR(MATCH(ЕТАЛОН_ПЛ,ПЛ_РЯДОК,0),0)),"")) | CX27: =IF(OR(CW13="",ЕТАЛОН_ПЛ="",IFERROR(INDEX(БАЗА_RO,2,IFERROR(MATCH(ЕТАЛОН_ПЛ,ПЛ_РЯДОК,0),0)),"")="",IFERROR(INDEX(БАЗА_RO,2,IFERROR(MATCH(ЕТАЛОН_ПЛ,ПЛ_РЯДОК,0),0)),"")=0),"",CW13/IFERROR(INDEX(БАЗА_RO,2,IFERROR(MATCH(ЕТАЛОН_ПЛ,ПЛ_РЯДОК,0),0)),"")-1) | CY27: =IF(OR(CY13="",ЕТАЛОН_ПЛ="",IFERROR(INDEX(БАЗА_RO,2,IFERROR(MATCH(ЕТАЛОН_ПЛ,ПЛ_РЯДОК,0),0)),"")=""),"",CY13-IFERROR(INDEX(БАЗА_RO,2,IFERROR(MATCH(ЕТАЛОН_ПЛ,ПЛ_РЯДОК,0),0)),"")) | CZ27: =IF(OR(CY13="",ЕТАЛОН_ПЛ="",IFERROR(INDEX(БАЗА_RO,2,IFERROR(MATCH(ЕТАЛОН_ПЛ,ПЛ_РЯДОК,0),0)),"")="",IFERROR(INDEX(БАЗА_RO,2,IFERROR(MATCH(ЕТАЛОН_ПЛ,ПЛ_РЯДОК,0),0)),"")=0),"",CY13/IFERROR(INDEX(БАЗА_RO,2,IFERROR(MATCH(ЕТАЛОН_ПЛ,ПЛ_РЯДОК,0),0)),"")-1) | DA27: =IF(OR(DA13="",ЕТАЛОН_ПЛ="",IFERROR(INDEX(БАЗА_RO,2,IFERROR(MATCH(ЕТАЛОН_ПЛ,ПЛ_РЯДОК,0),0)),"")=""),"",DA13-IFERROR(INDEX(БАЗА_RO,2,IFERROR(MATCH(ЕТАЛОН_ПЛ,ПЛ_РЯДОК,0),0)),"")) | DB27: =IF(OR(DA13="",ЕТАЛОН_ПЛ="",IFERROR(INDEX(БАЗА_RO,2,IFERROR(MATCH(ЕТАЛОН_ПЛ,ПЛ_РЯДОК,0),0)),"")="",IFERROR(INDEX(БАЗА_RO,2,IFERROR(MATCH(ЕТАЛОН_ПЛ,ПЛ_РЯДОК,0),0)),"")=0),"",DA13/IFERROR(INDEX(БАЗА_RO,2,IFERROR(MATCH(ЕТАЛОН_ПЛ,ПЛ_РЯДОК,0),0)),"")-1) | DC27: =IF(OR(DC13="",ЕТАЛОН_ПЛ="",IFERROR(INDEX(БАЗА_RO,2,IFERROR(MATCH(ЕТАЛОН_ПЛ,ПЛ_РЯДОК,0),0)),"")=""),"",DC13-IFERROR(INDEX(БАЗА_RO,2,IFERROR(MATCH(ЕТАЛОН_ПЛ,ПЛ_РЯДОК,0),0)),"")) | DD27: =IF(OR(DC13="",ЕТАЛОН_ПЛ="",IFERROR(INDEX(БАЗА_RO,2,IFERROR(MATCH(ЕТАЛОН_ПЛ,ПЛ_РЯДОК,0),0)),"")="",IFERROR(INDEX(БАЗА_RO,2,IFERROR(MATCH(ЕТАЛОН_ПЛ,ПЛ_РЯДОК,0),0)),"")=0),"",DC13/IFERROR(INDEX(БАЗА_RO,2,IFERROR(MATCH(ЕТАЛОН_ПЛ,ПЛ_РЯДОК,0),0)),"")-1) | DE27: =IF(OR(DE13="",ЕТАЛОН_ПЛ="",IFERROR(INDEX(БАЗА_RO,2,IFERROR(MATCH(ЕТАЛОН_ПЛ,ПЛ_РЯДОК,0),0)),"")=""),"",DE13-IFERROR(INDEX(БАЗА_RO,2,IFERROR(MATCH(ЕТАЛОН_ПЛ,ПЛ_РЯДОК,0),0)),"")) | DF27: =IF(OR(DE13="",ЕТАЛОН_ПЛ="",IFERROR(INDEX(БАЗА_RO,2,IFERROR(MATCH(ЕТАЛОН_ПЛ,ПЛ_РЯДОК,0),0)),"")="",IFERROR(INDEX(БАЗА_RO,2,IFERROR(MATCH(ЕТАЛОН_ПЛ,ПЛ_РЯДОК,0),0)),"")=0),"",DE13/IFERROR(INDEX(БАЗА_RO,2,IFERROR(MATCH(ЕТАЛОН_ПЛ,ПЛ_РЯДОК,0),0)),"")-1) | DG27: =IF(OR(DG13="",ЕТАЛОН_ПЛ="",IFERROR(INDEX(БАЗА_RO,2,IFERROR(MATCH(ЕТАЛОН_ПЛ,ПЛ_РЯДОК,0),0)),"")=""),"",DG13-IFERROR(INDEX(БАЗА_RO,2,IFERROR(MATCH(ЕТАЛОН_ПЛ,ПЛ_РЯДОК,0),0)),"")) | DH27: =IF(OR(DG13="",ЕТАЛОН_ПЛ="",IFERROR(INDEX(БАЗА_RO,2,IFERROR(MATCH(ЕТАЛОН_ПЛ,ПЛ_РЯДОК,0),0)),"")="",IFERROR(INDEX(БАЗА_RO,2,IFERROR(MATCH(ЕТАЛОН_ПЛ,ПЛ_РЯДОК,0),0)),"")=0),"",DG13/IFERROR(INDEX(БАЗА_RO,2,IFERROR(MATCH(ЕТАЛОН_ПЛ,ПЛ_РЯДОК,0),0)),"")-1) | DI27: =IF(OR(DI13="",ЕТАЛОН_ПЛ="",IFERROR(INDEX(БАЗА_RO,2,IFERROR(MATCH(ЕТАЛОН_ПЛ,ПЛ_РЯДОК,0),0)),"")=""),"",DI13-IFERROR(INDEX(БАЗА_RO,2,IFERROR(MATCH(ЕТАЛОН_ПЛ,ПЛ_РЯДОК,0),0)),"")) | DJ27: =IF(OR(DI13="",ЕТАЛОН_ПЛ="",IFERROR(INDEX(БАЗА_RO,2,IFERROR(MATCH(ЕТАЛОН_ПЛ,ПЛ_РЯДОК,0),0)),"")="",IFERROR(INDEX(БАЗА_RO,2,IFERROR(MATCH(ЕТАЛОН_ПЛ,ПЛ_РЯДОК,0),0)),"")=0),"",DI13/IFERROR(INDEX(БАЗА_RO,2,IFERROR(MATCH(ЕТАЛОН_ПЛ,ПЛ_РЯДОК,0),0)),"")-1) | DK27: =IF(OR(DK13="",ЕТАЛОН_ПЛ="",IFERROR(INDEX(БАЗА_RO,2,IFERROR(MATCH(ЕТАЛОН_ПЛ,ПЛ_РЯДОК,0),0)),"")=""),"",DK13-IFERROR(INDEX(БАЗА_RO,2,IFERROR(MATCH(ЕТАЛОН_ПЛ,ПЛ_РЯДОК,0),0)),"")) | DL27: =IF(OR(DK13="",ЕТАЛОН_ПЛ="",IFERROR(INDEX(БАЗА_RO,2,IFERROR(MATCH(ЕТАЛОН_ПЛ,ПЛ_РЯДОК,0),0)),"")="",IFERROR(INDEX(БАЗА_RO,2,IFERROR(MATCH(ЕТАЛОН_ПЛ,ПЛ_РЯДОК,0),0)),"")=0),"",DK13/IFERROR(INDEX(БАЗА_RO,2,IFERROR(MATCH(ЕТАЛОН_ПЛ,ПЛ_РЯДОК,0),0)),"")-1) | DM27: =IF(OR(DM13="",ЕТАЛОН_ПЛ="",IFERROR(INDEX(БАЗА_RO,2,IFERROR(MATCH(ЕТАЛОН_ПЛ,ПЛ_РЯДОК,0),0)),"")=""),"",DM13-IFERROR(INDEX(БАЗА_RO,2,IFERROR(MATCH(ЕТАЛОН_ПЛ,ПЛ_РЯДОК,0),0)),"")) | DN27: =IF(OR(DM13="",ЕТАЛОН_ПЛ="",IFERROR(INDEX(БАЗА_RO,2,IFERROR(MATCH(ЕТАЛОН_ПЛ,ПЛ_РЯДОК,0),0)),"")="",IFERROR(INDEX(БАЗА_RO,2,IFERROR(MATCH(ЕТАЛОН_ПЛ,ПЛ_РЯДОК,0),0)),"")=0),"",DM13/IFERROR(INDEX(БАЗА_RO,2,IFERROR(MATCH(ЕТАЛОН_ПЛ,ПЛ_РЯДОК,0),0)),"")-1) | DO27: =IF(OR(DO13="",ЕТАЛОН_ПЛ="",IFERROR(INDEX(БАЗА_RO,2,IFERROR(MATCH(ЕТАЛОН_ПЛ,ПЛ_РЯДОК,0),0)),"")=""),"",DO13-IFERROR(INDEX(БАЗА_RO,2,IFERROR(MATCH(ЕТАЛОН_ПЛ,ПЛ_РЯДОК,0),0)),"")) | DP27: =IF(OR(DO13="",ЕТАЛОН_ПЛ="",IFERROR(INDEX(БАЗА_RO,2,IFERROR(MATCH(ЕТАЛОН_ПЛ,ПЛ_РЯДОК,0),0)),"")="",IFERROR(INDEX(БАЗА_RO,2,IFERROR(MATCH(ЕТАЛОН_ПЛ,ПЛ_РЯДОК,0),0)),"")=0),"",DO13/IFERROR(INDEX(БАЗА_RO,2,IFERROR(MATCH(ЕТАЛОН_ПЛ,ПЛ_РЯДОК,0),0)),"")-1) | DQ27: =IF(OR(DQ13="",ЕТАЛОН_ПЛ="",IFERROR(INDEX(БАЗА_RO,2,IFERROR(MATCH(ЕТАЛОН_ПЛ,ПЛ_РЯДОК,0),0)),"")=""),"",DQ13-IFERROR(INDEX(БАЗА_RO,2,IFERROR(MATCH(ЕТАЛОН_ПЛ,ПЛ_РЯДОК,0),0)),"")) | DR27: =IF(OR(DQ13="",ЕТАЛОН_ПЛ="",IFERROR(INDEX(БАЗА_RO,2,IFERROR(MATCH(ЕТАЛОН_ПЛ,ПЛ_РЯДОК,0),0)),"")="",IFERROR(INDEX(БАЗА_RO,2,IFERROR(MATCH(ЕТАЛОН_ПЛ,ПЛ_РЯДОК,0),0)),"")=0),"",DQ13/IFERROR(INDEX(БАЗА_RO,2,IFERROR(MATCH(ЕТАЛОН_ПЛ,ПЛ_РЯДОК,0),0)),"")-1) | DS27: =IF(OR(DS13="",ЕТАЛОН_ПЛ="",IFERROR(INDEX(БАЗА_RO,2,IFERROR(MATCH(ЕТАЛОН_ПЛ,ПЛ_РЯДОК,0),0)),"")=""),"",DS13-IFERROR(INDEX(БАЗА_RO,2,IFERROR(MATCH(ЕТАЛОН_ПЛ,ПЛ_РЯДОК,0),0)),"")) | DT27: =IF(OR(DS13="",ЕТАЛОН_ПЛ="",IFERROR(INDEX(БАЗА_RO,2,IFERROR(MATCH(ЕТАЛОН_ПЛ,ПЛ_РЯДОК,0),0)),"")="",IFERROR(INDEX(БАЗА_RO,2,IFERROR(MATCH(ЕТАЛОН_ПЛ,ПЛ_РЯДОК,0),0)),"")=0),"",DS13/IFERROR(INDEX(БАЗА_RO,2,IFERROR(MATCH(ЕТАЛОН_ПЛ,ПЛ_РЯДОК,0),0)),"")-1) | DU27: =IF(OR(DU13="",ЕТАЛОН_ПЛ="",IFERROR(INDEX(БАЗА_RO,2,IFERROR(MATCH(ЕТАЛОН_ПЛ,ПЛ_РЯДОК,0),0)),"")=""),"",DU13-IFERROR(INDEX(БАЗА_RO,2,IFERROR(MATCH(ЕТАЛОН_ПЛ,ПЛ_РЯДОК,0),0)),"")) | DV27: =IF(OR(DU13="",ЕТАЛОН_ПЛ="",IFERROR(INDEX(БАЗА_RO,2,IFERROR(MATCH(ЕТАЛОН_ПЛ,ПЛ_РЯДОК,0),0)),"")="",IFERROR(INDEX(БАЗА_RO,2,IFERROR(MATCH(ЕТАЛОН_ПЛ,ПЛ_РЯДОК,0),0)),"")=0),"",DU13/IFERROR(INDEX(БАЗА_RO,2,IFERROR(MATCH(ЕТАЛОН_ПЛ,ПЛ_РЯДОК,0),0)),"")-1) | DW27: =IF(OR(DW13="",ЕТАЛОН_ПЛ="",IFERROR(INDEX(БАЗА_RO,2,IFERROR(MATCH(ЕТАЛОН_ПЛ,ПЛ_РЯДОК,0),0)),"")=""),"",DW13-IFERROR(INDEX(БАЗА_RO,2,IFERROR(MATCH(ЕТАЛОН_ПЛ,ПЛ_РЯДОК,0),0)),"")) | DX27: =IF(OR(DW13="",ЕТАЛОН_ПЛ="",IFERROR(INDEX(БАЗА_RO,2,IFERROR(MATCH(ЕТАЛОН_ПЛ,ПЛ_РЯДОК,0),0)),"")="",IFERROR(INDEX(БАЗА_RO,2,IFERROR(MATCH(ЕТАЛОН_ПЛ,ПЛ_РЯДОК,0),0)),"")=0),"",DW13/IFERROR(INDEX(БАЗА_RO,2,IFERROR(MATCH(ЕТАЛОН_ПЛ,ПЛ_РЯДОК,0),0)),"")-1)
